drop table CTG_ACTIVITY_ENTRY;
drop table CTG_ACTIVITY_PAGE_TEMPLATE;
drop table CTG_ACTIVITY_PLATFORM;
drop table CTG_ACTIVITY_PLATFORM_DETAIL;
drop table CTG_ACTIVITY_TEMPLATE;
drop table CTG_BUSINESS_TYPE;
drop table CTG_CANVAS;
drop table CTG_CANVAS_COMP_CONFIG;
drop table CTG_CANVAS_TEMPLATE;
drop table CTG_COMPONENT;
drop table CTG_COMPONENT_TYPE;
drop table CTG_CANVAS_TEMPLATE_COMP_CONFI;
drop table CTG_PAGE_TEMPLATE_CANVAS_CONFI;




CREATE TABLE "TELECOMHK"."CTG_ACTIVITY_ENTRY" (
 "ID" NUMBER NOT NULL PRIMARY KEY,
 "NAME" VARCHAR2(255),
 "CIPHER" VARCHAR2(255),
 "START_TIME" DATE DEFAULT SYSDATE,
 "END_TIME" DATE DEFAULT SYSDATE,
 "CODE" VARCHAR2(64) NOT NULL,
 "DUTY_DEPT" NCLOB DEFAULT NULL,
 "ASSIST_DEPT" NCLOB DEFAULT '',
 "RCV_START_TIME" DATE DEFAULT SYSDATE,
 "RCV_END_TIME" DATE DEFAULT SYSDATE,
 "ACTIVITY_LABEL" VARCHAR2(64) DEFAULT '',
 "ACTIVITY_INDEX_URL" VARCHAR2(255) DEFAULT '',
 "DESCRIPTION" NCLOB,
 "ACTIVITY_STATUS" NUMBER DEFAULT -1,
 "PRE_PUBLISH_URL" VARCHAR2(255) DEFAULT '',
 "PRE_PUBLISH_TYPE" NUMBER DEFAULT 0,
 "PRE_TEST_USER" VARCHAR2(64) DEFAULT '',
 "ACTIVITY_TEMPLATE_ID" NUMBER DEFAULT 1,
 "CREATOR" NUMBER DEFAULT 0,
 "UPDATER" NUMBER DEFAULT 0,
 "IS_DELETED" NUMBER DEFAULT 0,
 "CREATE_TIME" DATE DEFAULT SYSDATE,
 "UPDATE_TIME" DATE DEFAULT SYSDATE
);

create or replace trigger Time_CTG_ACTIVITY_ENTRY
before update on "CTG_ACTIVITY_ENTRY" for each row

begin
       select sysdate into :new.UPDATE_TIME from dual;


end;

COMMENT ON COLUMN "TELECOMHK"."CTG_ACTIVITY_ENTRY"."ID" IS '主键ID';
COMMENT ON COLUMN "TELECOMHK"."CTG_ACTIVITY_ENTRY"."NAME" IS '活动名称';
COMMENT ON COLUMN "TELECOMHK"."CTG_ACTIVITY_ENTRY"."CIPHER" IS '活动密钥';
COMMENT ON COLUMN "TELECOMHK"."CTG_ACTIVITY_ENTRY"."START_TIME" IS '活动开始时间';
COMMENT ON COLUMN "TELECOMHK"."CTG_ACTIVITY_ENTRY"."END_TIME" IS '活动结束时间';
COMMENT ON COLUMN "TELECOMHK"."CTG_ACTIVITY_ENTRY"."CODE" IS '活动CODE';
COMMENT ON COLUMN "TELECOMHK"."CTG_ACTIVITY_ENTRY"."DUTY_DEPT" IS '负责部门';
COMMENT ON COLUMN "TELECOMHK"."CTG_ACTIVITY_ENTRY"."ASSIST_DEPT" IS '配合部门';
COMMENT ON COLUMN "TELECOMHK"."CTG_ACTIVITY_ENTRY"."RCV_START_TIME" IS '领卡开始时间';
COMMENT ON COLUMN "TELECOMHK"."CTG_ACTIVITY_ENTRY"."RCV_END_TIME" IS '领卡结束时间';
COMMENT ON COLUMN "TELECOMHK"."CTG_ACTIVITY_ENTRY"."ACTIVITY_LABEL" IS '活动标签';
COMMENT ON COLUMN "TELECOMHK"."CTG_ACTIVITY_ENTRY"."ACTIVITY_INDEX_URL" IS '活动URL';
COMMENT ON COLUMN "TELECOMHK"."CTG_ACTIVITY_ENTRY"."DESCRIPTION" IS '活动描述';
COMMENT ON COLUMN "TELECOMHK"."CTG_ACTIVITY_ENTRY"."ACTIVITY_STATUS" IS '-1.编辑中 0.待审核/审核中 1.审核通过 2.已驳回 3.活动已上线 4.活动部分下线 5.活动全部下线';
COMMENT ON COLUMN "TELECOMHK"."CTG_ACTIVITY_ENTRY"."PRE_PUBLISH_URL" IS '预发布URL';
COMMENT ON COLUMN "TELECOMHK"."CTG_ACTIVITY_ENTRY"."PRE_PUBLISH_TYPE" IS '发布形式 0.自动发布 1.预发布 ';
COMMENT ON COLUMN "TELECOMHK"."CTG_ACTIVITY_ENTRY"."PRE_TEST_USER" IS '预发布测试IP 1.欣网 2.美洲 3.全部';
COMMENT ON COLUMN "TELECOMHK"."CTG_ACTIVITY_ENTRY"."ACTIVITY_TEMPLATE_ID" IS '活动模板ID';
COMMENT ON COLUMN "TELECOMHK"."CTG_ACTIVITY_ENTRY"."CREATOR" IS '创建者ID';
COMMENT ON COLUMN "TELECOMHK"."CTG_ACTIVITY_ENTRY"."UPDATER" IS '修改者ID';
COMMENT ON COLUMN "TELECOMHK"."CTG_ACTIVITY_ENTRY"."IS_DELETED" IS '软删除，默认0, 1：删除';
COMMENT ON COLUMN "TELECOMHK"."CTG_ACTIVITY_ENTRY"."CREATE_TIME" IS '创建时间';
COMMENT ON COLUMN "TELECOMHK"."CTG_ACTIVITY_ENTRY"."UPDATE_TIME" IS '更新时间';
COMMENT ON TABLE "TELECOMHK"."CTG_ACTIVITY_ENTRY" IS '活动基本信息';
COMMIT;

CREATE INDEX IX_ACTIVITY_CODE ON CTG_ACTIVITY_ENTRY(CODE);




CREATE TABLE "TELECOMHK"."CTG_ACTIVITY_PAGE_TEMPLATE" (
 "ID" NUMBER NOT NULL PRIMARY KEY,
 "ACTIVE_TEMPLATE_ID" NUMBER NOT NULL,
 "POINT" VARCHAR2(255) DEFAULT '',
 "PAGE_NAME" VARCHAR2(255) DEFAULT '' UNIQUE,
 "PAGE_TITLE" VARCHAR2(255) DEFAULT '',
 "TEMPLATE_TYPE" NUMBER NOT NULL,
 "PAGE_HTML" NCLOB DEFAULT NULL,
 "PAGE_CSS" NCLOB DEFAULT NULL,
 "PAGE_WAP_CSS" NCLOB DEFAULT NULL,
 "PAGE_OPTION" NCLOB DEFAULT NULL,
 "PAGE_PROPS" NCLOB DEFAULT NULL,
 "PARENT_PAGE_ID" NUMBER NOT NULL,
 "STEP_INDEX" NUMBER DEFAULT 0,
 "PREVIEW_CHART" VARCHAR2(255) DEFAULT NULL,
 "TEMPLATE_REMARK" VARCHAR2(255) DEFAULT NULL,
 "ROUTE_URL" VARCHAR2(255) DEFAULT NULL,
 "ENABLED" NUMBER DEFAULT 1,
 "CREATOR" NUMBER DEFAULT 0,
 "UPDATER" NUMBER DEFAULT 0,
 "IS_DELETED" NUMBER DEFAULT 0,
 "CREATE_TIME" DATE DEFAULT SYSDATE,
 "UPDATE_TIME" DATE DEFAULT SYSDATE
);

create or replace trigger Time_CTG_ACTIVITY_PAGE_TEM
before update on "CTG_ACTIVITY_PAGE_TEMPLATE" for each row

begin
       select sysdate into :new.UPDATE_TIME from dual;


end;

COMMENT ON COLUMN "TELECOMHK"."CTG_ACTIVITY_PAGE_TEMPLATE"."ID" IS '单页模版唯一ID标示';
COMMENT ON COLUMN "TELECOMHK"."CTG_ACTIVITY_PAGE_TEMPLATE"."ACTIVE_TEMPLATE_ID" IS '活动/活动模板ID';
COMMENT ON COLUMN "TELECOMHK"."CTG_ACTIVITY_PAGE_TEMPLATE"."POINT" IS '埋点';
COMMENT ON COLUMN "TELECOMHK"."CTG_ACTIVITY_PAGE_TEMPLATE"."PAGE_NAME" IS '同一个活动不同的中英文版本编号相同 (前端生产的唯一字符串)';
COMMENT ON COLUMN "TELECOMHK"."CTG_ACTIVITY_PAGE_TEMPLATE"."PAGE_TITLE" IS '模版名称';
COMMENT ON COLUMN "TELECOMHK"."CTG_ACTIVITY_PAGE_TEMPLATE"."TEMPLATE_TYPE" IS '模版类型';
COMMENT ON COLUMN "TELECOMHK"."CTG_ACTIVITY_PAGE_TEMPLATE"."PAGE_HTML" IS '主代码HTML代码片';
COMMENT ON COLUMN "TELECOMHK"."CTG_ACTIVITY_PAGE_TEMPLATE"."PAGE_CSS" IS '样式配置';
COMMENT ON COLUMN "TELECOMHK"."CTG_ACTIVITY_PAGE_TEMPLATE"."PAGE_WAP_CSS" IS '样式配置';
COMMENT ON COLUMN "TELECOMHK"."CTG_ACTIVITY_PAGE_TEMPLATE"."PAGE_OPTION" IS '选项配置';
COMMENT ON COLUMN "TELECOMHK"."CTG_ACTIVITY_PAGE_TEMPLATE"."PAGE_PROPS" IS '样式配置';
COMMENT ON COLUMN "TELECOMHK"."CTG_ACTIVITY_PAGE_TEMPLATE"."PARENT_PAGE_ID" IS '父级页面ID 0为跟页面';
COMMENT ON COLUMN "TELECOMHK"."CTG_ACTIVITY_PAGE_TEMPLATE"."STEP_INDEX" IS '配置顺序';
COMMENT ON COLUMN "TELECOMHK"."CTG_ACTIVITY_PAGE_TEMPLATE"."PREVIEW_CHART" IS '预览图存放路径';
COMMENT ON COLUMN "TELECOMHK"."CTG_ACTIVITY_PAGE_TEMPLATE"."TEMPLATE_REMARK" IS '介绍';
COMMENT ON COLUMN "TELECOMHK"."CTG_ACTIVITY_PAGE_TEMPLATE"."ROUTE_URL" IS '路由地址';
COMMENT ON COLUMN "TELECOMHK"."CTG_ACTIVITY_PAGE_TEMPLATE"."ENABLED" IS '0.未启用 1.启用中';
COMMENT ON COLUMN "TELECOMHK"."CTG_ACTIVITY_PAGE_TEMPLATE"."CREATOR" IS '创建者ID';
COMMENT ON COLUMN "TELECOMHK"."CTG_ACTIVITY_PAGE_TEMPLATE"."UPDATER" IS '修改者ID';
COMMENT ON COLUMN "TELECOMHK"."CTG_ACTIVITY_PAGE_TEMPLATE"."IS_DELETED" IS '软删除，默认0, 1：删除';
COMMENT ON COLUMN "TELECOMHK"."CTG_ACTIVITY_PAGE_TEMPLATE"."CREATE_TIME" IS '创建时间';
COMMENT ON COLUMN "TELECOMHK"."CTG_ACTIVITY_PAGE_TEMPLATE"."UPDATE_TIME" IS '更新时间';
COMMENT ON TABLE "TELECOMHK"."CTG_ACTIVITY_PAGE_TEMPLATE" IS '活动单页模板';
COMMIT;

CREATE INDEX IX_ACT_PAGE_TEM_TEMP_ID ON CTG_ACTIVITY_PAGE_TEMPLATE(ACTIVE_TEMPLATE_ID);



CREATE TABLE "TELECOMHK"."CTG_ACTIVITY_PLATFORM" (
 "ID" NUMBER NOT NULL PRIMARY KEY,
 "ACTIVITY_ID" NUMBER NOT NULL,
 "FILE_URL" VARCHAR2(255) NOT NULL,
 "COUNT" NUMBER DEFAULT 0,
 "EXT_PLATFORM" NUMBER DEFAULT 0,
 "EXT_END_TIME" DATE DEFAULT SYSDATE,
 "CREATOR" NUMBER DEFAULT 0,
 "UPDATER" NUMBER DEFAULT 0,
 "IS_DELETED" NUMBER DEFAULT 0,
 "CREATE_TIME" DATE DEFAULT SYSDATE,
 "UPDATE_TIME" DATE DEFAULT SYSDATE
);

create or replace trigger Time_CTG_ACTIVITY_PLATFORM
before update on "CTG_ACTIVITY_PLATFORM" for each row

begin
       select sysdate into :new.UPDATE_TIME from dual;


end;

COMMENT ON COLUMN "TELECOMHK"."CTG_ACTIVITY_PLATFORM"."ID" IS '主键ID';
COMMENT ON COLUMN "TELECOMHK"."CTG_ACTIVITY_PLATFORM"."ACTIVITY_ID" IS '活动ID';
COMMENT ON COLUMN "TELECOMHK"."CTG_ACTIVITY_PLATFORM"."FILE_URL" IS '文件路径';
COMMENT ON COLUMN "TELECOMHK"."CTG_ACTIVITY_PLATFORM"."COUNT" IS '上传的渠道数量';
COMMENT ON COLUMN "TELECOMHK"."CTG_ACTIVITY_PLATFORM"."EXT_PLATFORM" IS '是否保留渠道 0.否 1.是';
COMMENT ON COLUMN "TELECOMHK"."CTG_ACTIVITY_PLATFORM"."EXT_END_TIME" IS '保留渠道截止时间';
COMMENT ON COLUMN "TELECOMHK"."CTG_ACTIVITY_PLATFORM"."CREATOR" IS '创建者ID';
COMMENT ON COLUMN "TELECOMHK"."CTG_ACTIVITY_PLATFORM"."UPDATER" IS '修改者ID';
COMMENT ON COLUMN "TELECOMHK"."CTG_ACTIVITY_PLATFORM"."IS_DELETED" IS '软删除，默认0, 1：删除';
COMMENT ON COLUMN "TELECOMHK"."CTG_ACTIVITY_PLATFORM"."CREATE_TIME" IS '创建时间';
COMMENT ON COLUMN "TELECOMHK"."CTG_ACTIVITY_PLATFORM"."UPDATE_TIME" IS '更新时间';
COMMENT ON TABLE "TELECOMHK"."CTG_ACTIVITY_PLATFORM" IS '活动推广渠道';
COMMIT;



CREATE TABLE "TELECOMHK"."CTG_ACTIVITY_PLATFORM_DETAIL" (
 "ID" NUMBER NOT NULL PRIMARY KEY ,
 "ACTIVITY_ID" NUMBER NOT NULL,
 "PLATFORM_ID" NUMBER NOT NULL,
 "PLATFORM_NAME" VARCHAR2(128) DEFAULT '',
 "START_TIME" DATE DEFAULT SYSDATE,
 "END_TIME" DATE DEFAULT SYSDATE,
 "CREATOR" NUMBER DEFAULT 0 ,
 "UPDATER" NUMBER DEFAULT 0 ,
 "IS_DELETED" NUMBER DEFAULT 0 ,
 "CREATE_TIME" DATE DEFAULT SYSDATE,
 "UPDATE_TIME" DATE DEFAULT SYSDATE
);


create or replace trigger Time_CTG_ACTIVITY_PLATFORM_DET
before update on "CTG_ACTIVITY_PLATFORM_DETAIL" for each row

begin
       select sysdate into :new.UPDATE_TIME from dual;


end;

COMMENT ON COLUMN "TELECOMHK"."CTG_ACTIVITY_PLATFORM_DETAIL"."ID" IS '主键ID';
COMMENT ON COLUMN "TELECOMHK"."CTG_ACTIVITY_PLATFORM_DETAIL"."ACTIVITY_ID" IS '活动ID';
COMMENT ON COLUMN "TELECOMHK"."CTG_ACTIVITY_PLATFORM_DETAIL"."PLATFORM_ID" IS 'PLATFORM ID';
COMMENT ON COLUMN "TELECOMHK"."CTG_ACTIVITY_PLATFORM_DETAIL"."PLATFORM_NAME" IS '推广渠道名称';
COMMENT ON COLUMN "TELECOMHK"."CTG_ACTIVITY_PLATFORM_DETAIL"."START_TIME" IS '渠道开始时间';
COMMENT ON COLUMN "TELECOMHK"."CTG_ACTIVITY_PLATFORM_DETAIL"."END_TIME" IS '渠道结束时间';
COMMENT ON COLUMN "TELECOMHK"."CTG_ACTIVITY_PLATFORM_DETAIL"."CREATOR" IS '创建者ID';
COMMENT ON COLUMN "TELECOMHK"."CTG_ACTIVITY_PLATFORM_DETAIL"."UPDATER" IS '修改者ID';
COMMENT ON COLUMN "TELECOMHK"."CTG_ACTIVITY_PLATFORM_DETAIL"."IS_DELETED" IS '软删除，默认0, 1：删除';
COMMENT ON COLUMN "TELECOMHK"."CTG_ACTIVITY_PLATFORM_DETAIL"."CREATE_TIME" IS '创建时间';
COMMENT ON COLUMN "TELECOMHK"."CTG_ACTIVITY_PLATFORM_DETAIL"."UPDATE_TIME" IS '更新时间';
COMMENT ON TABLE "TELECOMHK"."CTG_ACTIVITY_PLATFORM_DETAIL" IS '活动推广渠道明细';
COMMIT;




CREATE TABLE "TELECOMHK"."CTG_ACTIVITY_TEMPLATE" (
 "ID" NUMBER NOT NULL PRIMARY KEY ,
 "NAME" VARCHAR2(128) DEFAULT '' UNIQUE,
 "COPY_TEMPLATE_NAME" VARCHAR2(128) DEFAULT '',
 "ACTIVITY_ID" NUMBER DEFAULT 0 ,
 "REFERENCE_CODE" VARCHAR2(255) DEFAULT '',
 "PREVIEW_CHART" VARCHAR(512) DEFAULT NULL,
 "USE_SCENE" VARCHAR(255) DEFAULT NULL,
 "ACTIVITY_TYPE" NUMBER DEFAULT 0 ,
 "THEME_METHOD" NUMBER DEFAULT 0 ,
 "LANGUAGE_TYPE" NUMBER DEFAULT 0 ,
 "TERMINAL_TYPE" NUMBER DEFAULT 0 ,
 "STATUS" NUMBER DEFAULT 0 ,
 "ROUTE_URL" VARCHAR(255) DEFAULT NULL,
 "ENABLED" NUMBER DEFAULT 1 ,
 "CREATOR" NUMBER DEFAULT 0 ,
 "UPDATER" NUMBER DEFAULT 0 ,
 "IS_DELETED" NUMBER DEFAULT 0 ,
 "CREATE_TIME" DATE DEFAULT SYSDATE,
 "UPDATE_TIME" DATE DEFAULT SYSDATE
);

create or replace trigger Time_CTG_ACTIVITY_TEMPLATE
before update on "CTG_ACTIVITY_TEMPLATE" for each row

begin
       select sysdate into :new.UPDATE_TIME from dual;


end;

COMMENT ON COLUMN "TELECOMHK"."CTG_ACTIVITY_TEMPLATE"."ID" IS '活动模板ID';
COMMENT ON COLUMN "TELECOMHK"."CTG_ACTIVITY_TEMPLATE"."NAME" IS '活动模版名称';
COMMENT ON COLUMN "TELECOMHK"."CTG_ACTIVITY_TEMPLATE"."COPY_TEMPLATE_NAME" IS 'COPY的活动模版名称';
COMMENT ON COLUMN "TELECOMHK"."CTG_ACTIVITY_TEMPLATE"."ACTIVITY_ID" IS '活动ID';
COMMENT ON COLUMN "TELECOMHK"."CTG_ACTIVITY_TEMPLATE"."REFERENCE_CODE" IS '同一个活动不同的中英文版本编号相同 (前端生产的唯一字符串)';
COMMENT ON COLUMN "TELECOMHK"."CTG_ACTIVITY_TEMPLATE"."PREVIEW_CHART" IS '预览图存放路径';
COMMENT ON COLUMN "TELECOMHK"."CTG_ACTIVITY_TEMPLATE"."USE_SCENE" IS '使用场景';
COMMENT ON COLUMN "TELECOMHK"."CTG_ACTIVITY_TEMPLATE"."ACTIVITY_TYPE" IS '0:正式 1:预热';
COMMENT ON COLUMN "TELECOMHK"."CTG_ACTIVITY_TEMPLATE"."THEME_METHOD" IS '0:模版 1:活动';
COMMENT ON COLUMN "TELECOMHK"."CTG_ACTIVITY_TEMPLATE"."LANGUAGE_TYPE" IS '0:通用 1:中文 2:英文';
COMMENT ON COLUMN "TELECOMHK"."CTG_ACTIVITY_TEMPLATE"."TERMINAL_TYPE" IS '0:通用 1:PC 2:手机';
COMMENT ON COLUMN "TELECOMHK"."CTG_ACTIVITY_TEMPLATE"."STATUS" IS '0:编辑中 1:上架';
COMMENT ON COLUMN "TELECOMHK"."CTG_ACTIVITY_TEMPLATE"."ROUTE_URL" IS '路由地址';
COMMENT ON COLUMN "TELECOMHK"."CTG_ACTIVITY_TEMPLATE"."ENABLED" IS '0.未启用 1.启用中';
COMMENT ON COLUMN "TELECOMHK"."CTG_ACTIVITY_TEMPLATE"."CREATOR" IS '创建者ID';
COMMENT ON COLUMN "TELECOMHK"."CTG_ACTIVITY_TEMPLATE"."UPDATER" IS '修改者ID';
COMMENT ON COLUMN "TELECOMHK"."CTG_ACTIVITY_TEMPLATE"."IS_DELETED" IS '软删除，默认0, 1：删除';
COMMENT ON COLUMN "TELECOMHK"."CTG_ACTIVITY_TEMPLATE"."CREATE_TIME" IS '创建时间';
COMMENT ON COLUMN "TELECOMHK"."CTG_ACTIVITY_TEMPLATE"."UPDATE_TIME" IS '更新时间';
COMMENT ON TABLE "TELECOMHK"."CTG_ACTIVITY_TEMPLATE" IS '活动模板';
COMMIT;

CREATE INDEX IX_CTG_ACT_TEM_ACT_ID ON CTG_ACTIVITY_TEMPLATE(ACTIVITY_ID);
CREATE INDEX IX_CTG_ACT_TEM_REF_CODE ON CTG_ACTIVITY_TEMPLATE(REFERENCE_CODE);



CREATE TABLE "TELECOMHK"."CTG_BUSINESS_TYPE" (
 "ID" NUMBER NOT NULL PRIMARY KEY,
 "BUSINESS_TYPE_NAME" VARCHAR2(128) DEFAULT '',
 "SHOW_RULE" NUMBER DEFAULT 0 ,
 "RULE_CONFIG_URL" VARCHAR2(512) DEFAULT '',
 "RELATE_COMP_STATUS" NUMBER DEFAULT 0 ,
 "ACTION_CODE" VARCHAR2(128) DEFAULT '',
 "USE_SCENE" VARCHAR(255) DEFAULT NULL,
 "ENABLED" NUMBER DEFAULT 1 ,
 "CREATOR" NUMBER DEFAULT 0 ,
 "UPDATER" NUMBER DEFAULT 0 ,
 "IS_DELETED" NUMBER DEFAULT 0 ,
 "CREATE_TIME" DATE DEFAULT SYSDATE,
 "UPDATE_TIME" DATE DEFAULT SYSDATE
);

create or replace trigger Time_CTG_BUSINESS_TYPE
before update on "CTG_BUSINESS_TYPE" for each row

begin
       select sysdate into :new.UPDATE_TIME from dual;


end;

COMMENT ON COLUMN "TELECOMHK"."CTG_BUSINESS_TYPE"."ID" IS '图层类型ID';
COMMENT ON COLUMN "TELECOMHK"."CTG_BUSINESS_TYPE"."BUSINESS_TYPE_NAME" IS '模版类型名';
COMMENT ON COLUMN "TELECOMHK"."CTG_BUSINESS_TYPE"."SHOW_RULE" IS '是否需要显示配置 规则参数页面（套餐/领卡） 0:不需要 1:需要';
COMMENT ON COLUMN "TELECOMHK"."CTG_BUSINESS_TYPE"."RULE_CONFIG_URL" IS ' 配置页面地址';
COMMENT ON COLUMN "TELECOMHK"."CTG_BUSINESS_TYPE"."RELATE_COMP_STATUS" IS '是否需要强关联同业务类型图层和组件 0:不需要 1:需要';
COMMENT ON COLUMN "TELECOMHK"."CTG_BUSINESS_TYPE"."ACTION_CODE" IS '后端接口ACTION编码';
COMMENT ON COLUMN "TELECOMHK"."CTG_BUSINESS_TYPE"."USE_SCENE" IS '使用场景';
COMMENT ON COLUMN "TELECOMHK"."CTG_BUSINESS_TYPE"."ENABLED" IS '0.未启用 1.启用中';
COMMENT ON COLUMN "TELECOMHK"."CTG_BUSINESS_TYPE"."CREATOR" IS '创建者ID';
COMMENT ON COLUMN "TELECOMHK"."CTG_BUSINESS_TYPE"."UPDATER" IS '修改者ID';
COMMENT ON COLUMN "TELECOMHK"."CTG_BUSINESS_TYPE"."IS_DELETED" IS '软删除，默认0, 1：删除';
COMMENT ON COLUMN "TELECOMHK"."CTG_BUSINESS_TYPE"."CREATE_TIME" IS '创建时间';
COMMENT ON COLUMN "TELECOMHK"."CTG_BUSINESS_TYPE"."UPDATE_TIME" IS '更新时间';
COMMENT ON TABLE "TELECOMHK"."CTG_BUSINESS_TYPE" IS '图层类型表';
COMMIT;

CREATE INDEX IX_ACTION_CODE ON CTG_BUSINESS_TYPE(ACTION_CODE);


CREATE TABLE "TELECOMHK"."CTG_CANVAS" (
 "ID" NUMBER NOT NULL,
 "CANVAS_NAME" VARCHAR2(128) DEFAULT '',
 "CANVAS_TEMPLATE_ID" NUMBER DEFAULT 0 ,
 "BUSINESS_TYPE_ID" NUMBER DEFAULT 0 ,
 "CANVAS_HTML" VARCHAR2(1024) DEFAULT NULL,
 "CANVAS_LAYOUT" NUMBER DEFAULT 0 ,
 "SHOW_INDEX" NUMBER DEFAULT 0 ,
 "CANVAS_OPTION" VARCHAR2(512) DEFAULT '',
 "PREVIEW_CHART" VARCHAR2(255) DEFAULT '',
 "USE_SCENE" VARCHAR(255) DEFAULT NULL,
 "CANVAS_CSS" varchar2(1024) DEFAULT NULL,
 "CANVAS_WAP_CSS" varchar2(1024) DEFAULT NULL,
 "PLACEHOLDER" varchar2(1024) DEFAULT NULL,
 "CONFIG_STATUS" NUMBER DEFAULT 0 ,
 "TERMINAL_TYPE" NUMBER DEFAULT 0 ,
 "CREATOR" NUMBER DEFAULT 0 ,
 "UPDATER" NUMBER DEFAULT 0 ,
 "IS_DELETED" NUMBER DEFAULT 0 ,
 "CREATE_TIME" DATE DEFAULT SYSDATE,
 "UPDATE_TIME" DATE DEFAULT SYSDATE
);

create or replace trigger Time_CTG_CANVAS
before update on "CTG_CANVAS" for each row

begin
       select sysdate into :new.UPDATE_TIME from dual;


end;

COMMENT ON COLUMN "TELECOMHK"."CTG_CANVAS"."ID" IS '图层ID';
COMMENT ON COLUMN "TELECOMHK"."CTG_CANVAS"."CANVAS_NAME" IS '名称';
COMMENT ON COLUMN "TELECOMHK"."CTG_CANVAS"."CANVAS_TEMPLATE_ID" IS '图层库模版ID';
COMMENT ON COLUMN "TELECOMHK"."CTG_CANVAS"."BUSINESS_TYPE_ID" IS '业务类型编号,详情见业务类型表';
COMMENT ON COLUMN "TELECOMHK"."CTG_CANVAS"."CANVAS_HTML" IS '图层布局HTML代码片 ';
COMMENT ON COLUMN "TELECOMHK"."CTG_CANVAS"."CANVAS_LAYOUT" IS '布局类型 0:左右布局 1:上下布局 2:平铺 ....';
COMMENT ON COLUMN "TELECOMHK"."CTG_CANVAS"."SHOW_INDEX" IS '显示顺序';
COMMENT ON COLUMN "TELECOMHK"."CTG_CANVAS"."CANVAS_OPTION" IS '参数配置';
COMMENT ON COLUMN "TELECOMHK"."CTG_CANVAS"."PREVIEW_CHART" IS '预览图存放路径';
COMMENT ON COLUMN "TELECOMHK"."CTG_CANVAS"."USE_SCENE" IS '使用场景';
COMMENT ON COLUMN "TELECOMHK"."CTG_CANVAS"."CANVAS_CSS" IS '样式配置 ';
COMMENT ON COLUMN "TELECOMHK"."CTG_CANVAS"."CANVAS_WAP_CSS" IS '样式配置 ';
COMMENT ON COLUMN "TELECOMHK"."CTG_CANVAS"."PLACEHOLDER" IS '占位符和组件对应的替换关系';
COMMENT ON COLUMN "TELECOMHK"."CTG_CANVAS"."CONFIG_STATUS" IS '未配置，未配置0, 1：已配置';
COMMENT ON COLUMN "TELECOMHK"."CTG_CANVAS"."TERMINAL_TYPE" IS '0:通用 1:PC 2:手机';
COMMENT ON COLUMN "TELECOMHK"."CTG_CANVAS"."CREATOR" IS '创建者ID';
COMMENT ON COLUMN "TELECOMHK"."CTG_CANVAS"."UPDATER" IS '修改者ID';
COMMENT ON COLUMN "TELECOMHK"."CTG_CANVAS"."IS_DELETED" IS '软删除，默认0, 1：删除';
COMMENT ON COLUMN "TELECOMHK"."CTG_CANVAS"."CREATE_TIME" IS '创建时间';
COMMENT ON COLUMN "TELECOMHK"."CTG_CANVAS"."UPDATE_TIME" IS '更新时间';
COMMENT ON TABLE "TELECOMHK"."CTG_CANVAS" IS '图层表';
COMMIT;

CREATE INDEX IX_CANVAS_TEMPLATE_ID ON CTG_CANVAS(CANVAS_TEMPLATE_ID);
CREATE INDEX IX_BUSINESS_TYPE_ID ON CTG_CANVAS(BUSINESS_TYPE_ID);


CREATE TABLE "TELECOMHK"."CTG_CANVAS_COMP_CONFIG" (
 "ID" NUMBER NOT NULL,
 "CANVAS_ID" NUMBER NOT NULL,
 "COMP_ID" NUMBER NOT NULL,
 "CREATOR" NUMBER DEFAULT 0,
 "UPDATER" NUMBER DEFAULT 0,
 "IS_DELETED" NUMBER DEFAULT 0,
 "CREATE_TIME" DATE DEFAULT SYSDATE,
 "UPDATE_TIME" DATE DEFAULT SYSDATE
);

create or replace trigger Time_CTG_CANVAS_COMP_CONFIG
before update on "CTG_CANVAS_COMP_CONFIG" for each row

begin
       select sysdate into :new.UPDATE_TIME from dual;


end;

COMMENT ON COLUMN "TELECOMHK"."CTG_CANVAS_COMP_CONFIG"."ID" IS '配置ID';
COMMENT ON COLUMN "TELECOMHK"."CTG_CANVAS_COMP_CONFIG"."CANVAS_ID" IS '图层ID';
COMMENT ON COLUMN "TELECOMHK"."CTG_CANVAS_COMP_CONFIG"."COMP_ID" IS '组件ID';
COMMENT ON COLUMN "TELECOMHK"."CTG_CANVAS_COMP_CONFIG"."CREATOR" IS '创建者ID';
COMMENT ON COLUMN "TELECOMHK"."CTG_CANVAS_COMP_CONFIG"."UPDATER" IS '修改者ID';
COMMENT ON COLUMN "TELECOMHK"."CTG_CANVAS_COMP_CONFIG"."IS_DELETED" IS '软删除，默认0, 1：删除';
COMMENT ON COLUMN "TELECOMHK"."CTG_CANVAS_COMP_CONFIG"."CREATE_TIME" IS '创建时间';
COMMENT ON COLUMN "TELECOMHK"."CTG_CANVAS_COMP_CONFIG"."UPDATE_TIME" IS '更新时间';
COMMENT ON TABLE "TELECOMHK"."CTG_CANVAS_COMP_CONFIG" IS '图层-组件关系配置表';
COMMIT;

CREATE INDEX IX_CANVAS_ID ON CTG_CANVAS_COMP_CONFIG(CANVAS_ID);
CREATE INDEX IX_COMP_ID ON CTG_CANVAS_COMP_CONFIG(COMP_ID);


CREATE TABLE "TELECOMHK"."CTG_CANVAS_TEMPLATE" (
 "ID" NUMBER NOT NULL,
 "CANVAS_NAME" VARCHAR2(128) DEFAULT '',
 "BUSINESS_TYPE_ID" NUMBER DEFAULT 0 ,
 "CANVAS_TEMPLATE_HTML" VARCHAR2(512) DEFAULT NULL,
 "CANVAS_TEMPLATE_LAYOUT" NUMBER DEFAULT 0 ,
 "CANVAS_TEMPLATE_CSS" VARCHAR2(1024) DEFAULT NULL,
 "CANVAS_TEMPLATE_WAP_CSS" VARCHAR2(1024) DEFAULT NULL,
 "TERMINAL_TYPE" NUMBER DEFAULT 0 ,
 "CANVAS_OPTION" VARCHAR2(512) DEFAULT '',
 "PREVIEW_CHART" VARCHAR2(255) DEFAULT '',
 "PLACEHOLDER" VARCHAR2(1024) DEFAULT NULL,
 "USE_SCENE" VARCHAR2(255) DEFAULT NULL,
 "ENABLED" NUMBER DEFAULT 1 ,
 "CREATOR" NUMBER DEFAULT 0 ,
 "UPDATER" NUMBER DEFAULT 0 ,
 "IS_DELETED" NUMBER DEFAULT 0 ,
 "CREATE_TIME" DATE DEFAULT SYSDATE,
 "UPDATE_TIME" DATE DEFAULT SYSDATE
);

create or replace trigger Time_CTG_CANVAS_TEMPLATE
before update on "CTG_CANVAS_TEMPLATE" for each row

begin
       select sysdate into :new.UPDATE_TIME from dual;


end;

COMMENT ON COLUMN "TELECOMHK"."CTG_CANVAS_TEMPLATE"."ID" IS '图层库模版ID';
COMMENT ON COLUMN "TELECOMHK"."CTG_CANVAS_TEMPLATE"."CANVAS_NAME" IS '名称';
COMMENT ON COLUMN "TELECOMHK"."CTG_CANVAS_TEMPLATE"."BUSINESS_TYPE_ID" IS '业务类型编号,详情见业务类型表';
COMMENT ON COLUMN "TELECOMHK"."CTG_CANVAS_TEMPLATE"."CANVAS_TEMPLATE_HTML" IS '图层布局HTML代码片';
COMMENT ON COLUMN "TELECOMHK"."CTG_CANVAS_TEMPLATE"."CANVAS_TEMPLATE_LAYOUT" IS '布局类型 0:左右布局 1:上下布局 2:平铺 ....';
COMMENT ON COLUMN "TELECOMHK"."CTG_CANVAS_TEMPLATE"."CANVAS_TEMPLATE_CSS" IS '样式配置 ';
COMMENT ON COLUMN "TELECOMHK"."CTG_CANVAS_TEMPLATE"."CANVAS_TEMPLATE_WAP_CSS" IS '样式配置 ';
COMMENT ON COLUMN "TELECOMHK"."CTG_CANVAS_TEMPLATE"."TERMINAL_TYPE" IS ' 0:通用 1:PC 2:手机 ';
COMMENT ON COLUMN "TELECOMHK"."CTG_CANVAS_TEMPLATE"."CANVAS_OPTION" IS '参数配置';
COMMENT ON COLUMN "TELECOMHK"."CTG_CANVAS_TEMPLATE"."PREVIEW_CHART" IS '预览图存放路径';
COMMENT ON COLUMN "TELECOMHK"."CTG_CANVAS_TEMPLATE"."PLACEHOLDER" IS '占位符和组件对应的替换关系';
COMMENT ON COLUMN "TELECOMHK"."CTG_CANVAS_TEMPLATE"."USE_SCENE" IS '使用场景';
COMMENT ON COLUMN "TELECOMHK"."CTG_CANVAS_TEMPLATE"."ENABLED" IS '0.未启用 1.启用中';
COMMENT ON COLUMN "TELECOMHK"."CTG_CANVAS_TEMPLATE"."CREATOR" IS '创建者ID';
COMMENT ON COLUMN "TELECOMHK"."CTG_CANVAS_TEMPLATE"."UPDATER" IS '修改者ID';
COMMENT ON COLUMN "TELECOMHK"."CTG_CANVAS_TEMPLATE"."IS_DELETED" IS '软删除，默认0, 1：删除';
COMMENT ON COLUMN "TELECOMHK"."CTG_CANVAS_TEMPLATE"."CREATE_TIME" IS '创建时间';
COMMENT ON COLUMN "TELECOMHK"."CTG_CANVAS_TEMPLATE"."UPDATE_TIME" IS '更新时间';
COMMENT ON TABLE "TELECOMHK"."CTG_CANVAS_TEMPLATE" IS '图层模板表';
COMMIT;

CREATE INDEX IX_CANVAS_TEM_BUS_TYPE_ID ON CTG_CANVAS_TEMPLATE(BUSINESS_TYPE_ID);


CREATE TABLE "TELECOMHK"."CTG_COMPONENT" (
 "ID" NUMBER NOT NULL PRIMARY KEY,
 "COMP_TEMPLATE_ID" NUMBER DEFAULT 0 ,
 "COMP_NAME" VARCHAR2(128) ,
 "COMP_TITLE" VARCHAR2(128) DEFAULT '',
 "COMP_TYPE_ID" NUMBER DEFAULT 0 ,
 "BUSINESS_TYPE_ID" NUMBER DEFAULT 0 ,
 "LANGUAGE_TYPE" NUMBER DEFAULT 0 ,
 "COMP_ANIMATION" NCLOB DEFAULT NULL,
 "COMP_CSS" NCLOB DEFAULT NULL,
 "COMP_WAP_CSS" NCLOB DEFAULT NULL,
 "COMP_OPTION" NCLOB DEFAULT NULL,
 "COMP_PROPS" NCLOB DEFAULT NULL,
 "COMP_EVENT" NCLOB DEFAULT NULL,
 "PREVIEW_CHART" VARCHAR2(255) DEFAULT NULL,
 "TERMINAL_TYPE" NUMBER DEFAULT 0 ,
 "USE_SCENE" VARCHAR2(255) DEFAULT NULL,
 "COMP_REMARK" VARCHAR2(512) DEFAULT NULL,
 "COMP_LINK" NCLOB DEFAULT NULL,
 "IS_TEMPLATE" NUMBER DEFAULT 0 ,
 "ENABLED" NUMBER DEFAULT 1 ,
 "CREATOR" NUMBER DEFAULT 0 ,
 "UPDATER" NUMBER DEFAULT 0 ,
 "IS_DELETED" NUMBER DEFAULT 0 ,
 "CREATE_TIME" DATE DEFAULT SYSDATE,
 "UPDATE_TIME" DATE DEFAULT SYSDATE
);

create or replace trigger Time_CTG_COMPONENT
before update on "CTG_COMPONENT" for each row

begin
       select sysdate into :new.UPDATE_TIME from dual;


end;


COMMENT ON COLUMN "TELECOMHK"."CTG_COMPONENT"."ID"                IS '主键ID';
COMMENT ON COLUMN "TELECOMHK"."CTG_COMPONENT"."COMP_TEMPLATE_ID"  IS '组件模板ID';
COMMENT ON COLUMN "TELECOMHK"."CTG_COMPONENT"."COMP_NAME"         IS '组建名称';
COMMENT ON COLUMN "TELECOMHK"."CTG_COMPONENT"."COMP_TITLE"        IS '组件标题';
COMMENT ON COLUMN "TELECOMHK"."CTG_COMPONENT"."COMP_TYPE_ID"      IS '组件类型';
COMMENT ON COLUMN "TELECOMHK"."CTG_COMPONENT"."BUSINESS_TYPE_ID"  IS 'APP_SECRET';
COMMENT ON COLUMN "TELECOMHK"."CTG_COMPONENT"."LANGUAGE_TYPE"     IS '组建语言 0.通用 1.中文 2.英文';
COMMENT ON COLUMN "TELECOMHK"."CTG_COMPONENT"."COMP_ANIMATION"    IS '动画配置 OBJECT';
COMMENT ON COLUMN "TELECOMHK"."CTG_COMPONENT"."COMP_CSS"          IS '样式配置 OBJECT';
COMMENT ON COLUMN "TELECOMHK"."CTG_COMPONENT"."COMP_WAP_CSS"      IS '样式配置 OBJECT';
COMMENT ON COLUMN "TELECOMHK"."CTG_COMPONENT"."COMP_OPTION"       IS '选项配置 OBJECT';
COMMENT ON COLUMN "TELECOMHK"."CTG_COMPONENT"."COMP_PROPS"        IS '参数配置 OBJECT';
COMMENT ON COLUMN "TELECOMHK"."CTG_COMPONENT"."COMP_EVENT"        IS '触发事件配置';
COMMENT ON COLUMN "TELECOMHK"."CTG_COMPONENT"."PREVIEW_CHART"     IS '预览图存放路径';
COMMENT ON COLUMN "TELECOMHK"."CTG_COMPONENT"."TERMINAL_TYPE"     IS '适配终端 0.通用 1.PC 2.手机';
COMMENT ON COLUMN "TELECOMHK"."CTG_COMPONENT"."USE_SCENE"         IS '使用场景';
COMMENT ON COLUMN "TELECOMHK"."CTG_COMPONENT"."COMP_REMARK"       IS '组件介绍';
COMMENT ON COLUMN "TELECOMHK"."CTG_COMPONENT"."COMP_LINK"         IS '跳转链接';
COMMENT ON COLUMN "TELECOMHK"."CTG_COMPONENT"."IS_TEMPLATE"       IS '0-组件 1-组件模板';
COMMENT ON COLUMN "TELECOMHK"."CTG_COMPONENT"."ENABLED"           IS '0.未启用 1.启用中';
COMMENT ON COLUMN "TELECOMHK"."CTG_COMPONENT"."CREATOR"           IS '创建者ID';
COMMENT ON COLUMN "TELECOMHK"."CTG_COMPONENT"."UPDATER"           IS '修改者ID';
COMMENT ON COLUMN "TELECOMHK"."CTG_COMPONENT"."IS_DELETED"        IS '软删除，默认0, 1：删除';
COMMENT ON COLUMN "TELECOMHK"."CTG_COMPONENT"."CREATE_TIME"       IS '创建时间';
COMMENT ON COLUMN "TELECOMHK"."CTG_COMPONENT"."UPDATE_TIME"       IS '更新时间';
COMMENT ON TABLE "TELECOMHK"."CTG_COMPONENT" IS '组件表';
COMMIT;

CREATE INDEX IX_COMP_TYPE_ID ON CTG_COMPONENT(COMP_TYPE_ID);
CREATE INDEX IX_COMPONENT_BUS_TYPE_ID ON CTG_COMPONENT(BUSINESS_TYPE_ID);



CREATE TABLE "TELECOMHK"."CTG_COMPONENT_TYPE" (
 "ID" NUMBER NOT NULL PRIMARY KEY,
 "COMP_TYPE_NAME" VARCHAR2(128) DEFAULT '',
 "IS_CONFIRMATION" NUMBER DEFAULT 0 ,
 "SHOW_RULE" NUMBER DEFAULT 0 ,
 "USE_SCENE" VARCHAR2(255) DEFAULT NULL,
 "ENABLED" NUMBER DEFAULT 0 ,
 "CREATOR" NUMBER DEFAULT 0 ,
 "UPDATER" NUMBER DEFAULT 0 ,
 "IS_DELETED" NUMBER DEFAULT 0 ,
 "CREATE_TIME" DATE DEFAULT SYSDATE,
 "UPDATE_TIME" DATE DEFAULT SYSDATE
);

create or replace trigger Time_CTG_COMPONENT_TYPE
before update on "CTG_COMPONENT_TYPE" for each row

begin
       select sysdate into :new.UPDATE_TIME from dual;


end;

COMMENT ON COLUMN "TELECOMHK"."CTG_COMPONENT_TYPE"."ID" IS '主键ID';
COMMENT ON COLUMN "TELECOMHK"."CTG_COMPONENT_TYPE"."COMP_TYPE_NAME" IS '组件类型名称';
COMMENT ON COLUMN "TELECOMHK"."CTG_COMPONENT_TYPE"."IS_CONFIRMATION" IS '是否需要二次确认 0.不需要 1.需要';
COMMENT ON COLUMN "TELECOMHK"."CTG_COMPONENT_TYPE"."SHOW_RULE" IS '是否需要配置 规则参数（套餐/领卡） 0:不包含 1:包含';
COMMENT ON COLUMN "TELECOMHK"."CTG_COMPONENT_TYPE"."USE_SCENE" IS '使用场景';
COMMENT ON COLUMN "TELECOMHK"."CTG_COMPONENT_TYPE"."ENABLED" IS '0.未启用 1.启用中';
COMMENT ON COLUMN "TELECOMHK"."CTG_COMPONENT_TYPE"."CREATOR" IS '创建者ID';
COMMENT ON COLUMN "TELECOMHK"."CTG_COMPONENT_TYPE"."UPDATER" IS '修改者ID';
COMMENT ON COLUMN "TELECOMHK"."CTG_COMPONENT_TYPE"."IS_DELETED" IS '软删除，默认0, 1：删除';
COMMENT ON COLUMN "TELECOMHK"."CTG_COMPONENT_TYPE"."CREATE_TIME" IS '创建时间';
COMMENT ON COLUMN "TELECOMHK"."CTG_COMPONENT_TYPE"."UPDATE_TIME" IS '更新时间';
COMMENT ON TABLE "TELECOMHK"."CTG_COMPONENT_TYPE" IS '组建类型表';
COMMIT;


CREATE TABLE "TELECOMHK"."CTG_CANVAS_TEMPLATE_COMP_CONFI" (
 "ID" NUMBER NOT NULL PRIMARY KEY,
 "CANVAS_TEMPLATE_ID" NUMBER NOT NULL,
 "COMP_ID" NUMBER NOT NULL,
 "CREATOR" NUMBER DEFAULT 0,
 "UPDATER" NUMBER DEFAULT 0,
 "IS_DELETED" NUMBER DEFAULT 0,
 "CREATE_TIME" DATE DEFAULT SYSDATE,
 "UPDATE_TIME" DATE DEFAULT SYSDATE
);


create or replace trigger Time_CTG_CANVAS_TEMPLATE_COM_C
before update on "CTG_CANVAS_TEMPLATE_COMP_CONFI" for each row

begin
       select sysdate into :new.UPDATE_TIME from dual;


end;


COMMENT ON COLUMN "TELECOMHK"."CTG_CANVAS_TEMPLATE_COMP_CONFI"."ID" IS '配置ID';
COMMENT ON COLUMN "TELECOMHK"."CTG_CANVAS_TEMPLATE_COMP_CONFI"."CANVAS_TEMPLATE_ID" IS '图层模板ID';
COMMENT ON COLUMN "TELECOMHK"."CTG_CANVAS_TEMPLATE_COMP_CONFI"."COMP_ID" IS '组件ID';
COMMENT ON COLUMN "TELECOMHK"."CTG_CANVAS_TEMPLATE_COMP_CONFI"."CREATOR" IS '创建者ID';
COMMENT ON COLUMN "TELECOMHK"."CTG_CANVAS_TEMPLATE_COMP_CONFI"."UPDATER" IS '修改者ID';
COMMENT ON COLUMN "TELECOMHK"."CTG_CANVAS_TEMPLATE_COMP_CONFI"."IS_DELETED" IS '软删除，默认0, 1：删除';
COMMENT ON COLUMN "TELECOMHK"."CTG_CANVAS_TEMPLATE_COMP_CONFI"."CREATE_TIME" IS '创建时间';
COMMENT ON COLUMN "TELECOMHK"."CTG_CANVAS_TEMPLATE_COMP_CONFI"."UPDATE_TIME" IS '更新时间';
COMMENT ON TABLE "TELECOMHK"."CTG_CANVAS_TEMPLATE_COMP_CONFI" IS '图层模板-组件关系配置表';
COMMIT;

--oralce不支持不唯一且非主键的外键
--alter table CTG_CANVAS_TEMPLATE_COMP_CONFI add constraint IX_CANVAS_TEMPLATE_ID foreign key(CANVAS_TEMPLATE_ID) references ctg_canvas(CANVAS_TEMPLATE_ID);
--alter table CTG_CANVAS_TEMPLATE_COMP_CONFI add constraint IX_COMP_ID foreign key(COMP_ID) references ctg_canvas_comp_config(COMP_ID);
CREATE INDEX IX_COM_COMP_TYPE_ID ON CTG_CANVAS_TEMPLATE_COMP_CONFI(COMP_ID);
CREATE INDEX IX_COM_COMPONENT_BUS_TYPE_ID ON CTG_CANVAS_TEMPLATE_COMP_CONFI(CANVAS_TEMPLATE_ID);



CREATE TABLE "TELECOMHK"."CTG_PAGE_TEMPLATE_CANVAS_CONFI" (
 "ID" NUMBER NOT NULL PRIMARY KEY,
 "ACTIVE_TEMPLATE_ID" NUMBER DEFAULT NULL,
 "PAGE_ID" NUMBER NOT NULL,
 "CANVAS_ID" NUMBER NOT NULL,
 "CREATOR" NUMBER DEFAULT 0,
 "UPDATER" NUMBER DEFAULT 0,
 "IS_DELETED" NUMBER DEFAULT 0,
 "CREATE_TIME" DATE DEFAULT SYSDATE,
 "UPDATE_TIME" DATE DEFAULT SYSDATE
);

create or replace trigger Time_CTG_PAGE_TEMPLATE_CAN_CON
before update on "CTG_PAGE_TEMPLATE_CANVAS_CONFI" for each row

begin
       select sysdate into :new.UPDATE_TIME from dual;


end;

COMMENT ON COLUMN "TELECOMHK"."CTG_PAGE_TEMPLATE_CANVAS_CONFI"."ID" IS '唯一ID';
COMMENT ON COLUMN "TELECOMHK"."CTG_PAGE_TEMPLATE_CANVAS_CONFI"."ACTIVE_TEMPLATE_ID" IS '活动/活动模板ID';
COMMENT ON COLUMN "TELECOMHK"."CTG_PAGE_TEMPLATE_CANVAS_CONFI"."PAGE_ID" IS '单页模版唯一ID标示';
COMMENT ON COLUMN "TELECOMHK"."CTG_PAGE_TEMPLATE_CANVAS_CONFI"."CANVAS_ID" IS '画布ID';
COMMENT ON COLUMN "TELECOMHK"."CTG_PAGE_TEMPLATE_CANVAS_CONFI"."CREATOR" IS '创建者ID';
COMMENT ON COLUMN "TELECOMHK"."CTG_PAGE_TEMPLATE_CANVAS_CONFI"."UPDATER" IS '修改者ID';
COMMENT ON COLUMN "TELECOMHK"."CTG_PAGE_TEMPLATE_CANVAS_CONFI"."IS_DELETED" IS '软删除，默认0, 1：删除';
COMMENT ON COLUMN "TELECOMHK"."CTG_PAGE_TEMPLATE_CANVAS_CONFI"."CREATE_TIME" IS '创建时间';
COMMENT ON COLUMN "TELECOMHK"."CTG_PAGE_TEMPLATE_CANVAS_CONFI"."UPDATE_TIME" IS '更新时间';
COMMENT ON TABLE "TELECOMHK"."CTG_PAGE_TEMPLATE_CANVAS_CONFI" IS '单页模板-画布关系';
COMMIT;

CREATE INDEX IX_CON_ACTIVE_TEMPLATE_ID ON CTG_PAGE_TEMPLATE_CANVAS_CONFI(ACTIVE_TEMPLATE_ID);
CREATE INDEX IX_CON_PAGE_IDON on CTG_PAGE_TEMPLATE_CANVAS_CONFI(PAGE_ID);
CREATE INDEX IX_CON_CANVAS_ID ON CTG_PAGE_TEMPLATE_CANVAS_CONFI(CANVAS_ID);


-------------批量创建索引
--CREATE SEQUENCE SEQ_CTG_ACTIVITY_OPERATE INCREMENT BY 1 START WITH 10000 NOMAXVALUE NOCYCLE CACHE 10;
CREATE SEQUENCE SEQ_CTG_ACTIVITY_OPERATE_ID INCREMENT BY 1 START WITH 10000 NOMAXVALUE NOCYCLE CACHE 10;
CREATE SEQUENCE SEQ_CTG_OPERTATE_RULE_ID INCREMENT BY 1 START WITH 10000 NOMAXVALUE NOCYCLE CACHE 10;
--CREATE SEQUENCE SEQ_CTG_OPERATE_RULE INCREMENT BY 1 START WITH 10000 NOMAXVALUE NOCYCLE CACHE 10;
CREATE SEQUENCE SEQ_CTG_PAGE_TEMPLATE_CANVAS_C INCREMENT BY 1 START WITH 10000 NOMAXVALUE NOCYCLE CACHE 10;
--CREATE SEQUENCE SEQ_CTG_EXTENSION_USER INCREMENT BY 1 START WITH 10000 NOMAXVALUE NOCYCLE CACHE 10;
--CREATE SEQUENCE SEQ_CTG_EXTENSION_DEPARTMENT INCREMENT BY 1 START WITH 10000 NOMAXVALUE NOCYCLE CACHE 10;
--CREATE SEQUENCE SEQ_CTG_CRM_USER INCREMENT BY 1 START WITH 10000 NOMAXVALUE NOCYCLE CACHE 10;
CREATE SEQUENCE SEQ_CTG_COMPONENT_TYPE INCREMENT BY 1 START WITH 10000 NOMAXVALUE NOCYCLE CACHE 10;
CREATE SEQUENCE SEQ_CTG_COMPONENT INCREMENT BY 1 START WITH 10000 NOMAXVALUE NOCYCLE CACHE 10;
CREATE SEQUENCE SEQ_CTG_CANVAS_TEMPLATE_COMP_C INCREMENT BY 1 START WITH 10000 NOMAXVALUE NOCYCLE CACHE 10;
CREATE SEQUENCE SEQ_CTG_CANVAS_TEMPLATE INCREMENT BY 1 START WITH 10000 NOMAXVALUE NOCYCLE CACHE 10;
CREATE SEQUENCE SEQ_CTG_CANVAS_COMP_CONFIG INCREMENT BY 1 START WITH 10000 NOMAXVALUE NOCYCLE CACHE 10;
CREATE SEQUENCE SEQ_CTG_CANVAS INCREMENT BY 1 START WITH 10000 NOMAXVALUE NOCYCLE CACHE 10;
CREATE SEQUENCE SEQ_CTG_BUSINESS_TYPE INCREMENT BY 1 START WITH 10000 NOMAXVALUE NOCYCLE CACHE 10;
CREATE SEQUENCE SEQ_CTG_ACTIVITY_TEMPLATE INCREMENT BY 1 START WITH 10000 NOMAXVALUE NOCYCLE CACHE 10;
CREATE SEQUENCE SEQ_CTG_ACTIVITY_PLATFORM_DET INCREMENT BY 1 START WITH 10000 NOMAXVALUE NOCYCLE CACHE 10;
CREATE SEQUENCE SEQ_CTG_ACTIVITY_PLATFORM INCREMENT BY 1 START WITH 10000 NOMAXVALUE NOCYCLE CACHE 10;
CREATE SEQUENCE SEQ_CTG_ACTIVITY_PAGE_TEMPLATE INCREMENT BY 1 START WITH 10000 NOMAXVALUE NOCYCLE CACHE 10;
CREATE SEQUENCE SEQ_CTG_ACTIVITY_ENTRY INCREMENT BY 1 START WITH 10000 NOMAXVALUE NOCYCLE CACHE 10;




INSERT INTO TELECOMHK.CTG_PAGE_TEMPLATE_CANVAS_CONFI (ID, ACTIVE_TEMPLATE_ID, PAGE_ID, CANVAS_ID, CREATOR, UPDATER, IS_DELETED, CREATE_TIME, UPDATE_TIME) VALUES (1, null, 1, 3, 33, 33, 0, TO_DATE('2021-07-28 16:08:22', 'YYYY-MM-DD HH24:MI:SS'), TO_DATE('2021-07-28 16:08:22', 'YYYY-MM-DD HH24:MI:SS'));
INSERT INTO TELECOMHK.CTG_PAGE_TEMPLATE_CANVAS_CONFI (ID, ACTIVE_TEMPLATE_ID, PAGE_ID, CANVAS_ID, CREATOR, UPDATER, IS_DELETED, CREATE_TIME, UPDATE_TIME) VALUES (2, null, 2, 4, 33, 33, 1, TO_DATE('2021-07-28 16:31:48', 'YYYY-MM-DD HH24:MI:SS'), TO_DATE('2021-07-28 16:43:34', 'YYYY-MM-DD HH24:MI:SS'));
INSERT INTO TELECOMHK.CTG_PAGE_TEMPLATE_CANVAS_CONFI (ID, ACTIVE_TEMPLATE_ID, PAGE_ID, CANVAS_ID, CREATOR, UPDATER, IS_DELETED, CREATE_TIME, UPDATE_TIME) VALUES (3, null, 2, 5, 33, 33, 1, TO_DATE('2021-07-28 16:36:56', 'YYYY-MM-DD HH24:MI:SS'), TO_DATE('2021-07-30 10:48:57', 'YYYY-MM-DD HH24:MI:SS'));
INSERT INTO TELECOMHK.CTG_PAGE_TEMPLATE_CANVAS_CONFI (ID, ACTIVE_TEMPLATE_ID, PAGE_ID, CANVAS_ID, CREATOR, UPDATER, IS_DELETED, CREATE_TIME, UPDATE_TIME) VALUES (4, null, 1, 6, 33, 33, 1, TO_DATE('2021-07-28 16:37:35', 'YYYY-MM-DD HH24:MI:SS'), TO_DATE('2021-07-30 10:52:49', 'YYYY-MM-DD HH24:MI:SS'));
INSERT INTO TELECOMHK.CTG_PAGE_TEMPLATE_CANVAS_CONFI (ID, ACTIVE_TEMPLATE_ID, PAGE_ID, CANVAS_ID, CREATOR, UPDATER, IS_DELETED, CREATE_TIME, UPDATE_TIME) VALUES (5, null, 1, 7, 33, 33, 0, TO_DATE('2021-07-28 16:40:22', 'YYYY-MM-DD HH24:MI:SS'), TO_DATE('2021-07-28 16:40:22', 'YYYY-MM-DD HH24:MI:SS'));
INSERT INTO TELECOMHK.CTG_PAGE_TEMPLATE_CANVAS_CONFI (ID, ACTIVE_TEMPLATE_ID, PAGE_ID, CANVAS_ID, CREATOR, UPDATER, IS_DELETED, CREATE_TIME, UPDATE_TIME) VALUES (6, null, 2, 8, 33, 33, 1, TO_DATE('2021-07-28 16:43:39', 'YYYY-MM-DD HH24:MI:SS'), TO_DATE('2021-07-30 10:48:57', 'YYYY-MM-DD HH24:MI:SS'));
INSERT INTO TELECOMHK.CTG_PAGE_TEMPLATE_CANVAS_CONFI (ID, ACTIVE_TEMPLATE_ID, PAGE_ID, CANVAS_ID, CREATOR, UPDATER, IS_DELETED, CREATE_TIME, UPDATE_TIME) VALUES (7, null, 2, 9, 33, 33, 1, TO_DATE('2021-07-28 16:44:31', 'YYYY-MM-DD HH24:MI:SS'), TO_DATE('2021-07-28 16:44:53', 'YYYY-MM-DD HH24:MI:SS'));
INSERT INTO TELECOMHK.CTG_PAGE_TEMPLATE_CANVAS_CONFI (ID, ACTIVE_TEMPLATE_ID, PAGE_ID, CANVAS_ID, CREATOR, UPDATER, IS_DELETED, CREATE_TIME, UPDATE_TIME) VALUES (8, null, 2, 10, 33, 33, 1, TO_DATE('2021-07-28 17:01:32', 'YYYY-MM-DD HH24:MI:SS'), TO_DATE('2021-07-28 17:10:42', 'YYYY-MM-DD HH24:MI:SS'));
INSERT INTO TELECOMHK.CTG_PAGE_TEMPLATE_CANVAS_CONFI (ID, ACTIVE_TEMPLATE_ID, PAGE_ID, CANVAS_ID, CREATOR, UPDATER, IS_DELETED, CREATE_TIME, UPDATE_TIME) VALUES (9, null, 2, 11, 33, 33, 1, TO_DATE('2021-07-28 17:07:19', 'YYYY-MM-DD HH24:MI:SS'), TO_DATE('2021-07-28 17:10:42', 'YYYY-MM-DD HH24:MI:SS'));
INSERT INTO TELECOMHK.CTG_PAGE_TEMPLATE_CANVAS_CONFI (ID, ACTIVE_TEMPLATE_ID, PAGE_ID, CANVAS_ID, CREATOR, UPDATER, IS_DELETED, CREATE_TIME, UPDATE_TIME) VALUES (10, null, 2, 12, 33, 33, 1, TO_DATE('2021-07-28 17:08:19', 'YYYY-MM-DD HH24:MI:SS'), TO_DATE('2021-07-28 17:10:42', 'YYYY-MM-DD HH24:MI:SS'));
INSERT INTO TELECOMHK.CTG_PAGE_TEMPLATE_CANVAS_CONFI (ID, ACTIVE_TEMPLATE_ID, PAGE_ID, CANVAS_ID, CREATOR, UPDATER, IS_DELETED, CREATE_TIME, UPDATE_TIME) VALUES (11, null, 2, 13, 33, 33, 0, TO_DATE('2021-07-28 17:10:48', 'YYYY-MM-DD HH24:MI:SS'), TO_DATE('2021-07-28 17:10:48', 'YYYY-MM-DD HH24:MI:SS'));
INSERT INTO TELECOMHK.CTG_PAGE_TEMPLATE_CANVAS_CONFI (ID, ACTIVE_TEMPLATE_ID, PAGE_ID, CANVAS_ID, CREATOR, UPDATER, IS_DELETED, CREATE_TIME, UPDATE_TIME) VALUES (12, null, 2, 14, 33, 33, 0, TO_DATE('2021-07-30 10:50:51', 'YYYY-MM-DD HH24:MI:SS'), TO_DATE('2021-07-30 10:50:51', 'YYYY-MM-DD HH24:MI:SS'));
INSERT INTO TELECOMHK.CTG_PAGE_TEMPLATE_CANVAS_CONFI (ID, ACTIVE_TEMPLATE_ID, PAGE_ID, CANVAS_ID, CREATOR, UPDATER, IS_DELETED, CREATE_TIME, UPDATE_TIME) VALUES (13, null, 2, 15, 33, 33, 1, TO_DATE('2021-07-30 11:09:41', 'YYYY-MM-DD HH24:MI:SS'), TO_DATE('2021-07-30 11:29:28', 'YYYY-MM-DD HH24:MI:SS'));
INSERT INTO TELECOMHK.CTG_PAGE_TEMPLATE_CANVAS_CONFI (ID, ACTIVE_TEMPLATE_ID, PAGE_ID, CANVAS_ID, CREATOR, UPDATER, IS_DELETED, CREATE_TIME, UPDATE_TIME) VALUES (14, null, 2, 16, 33, 33, 0, TO_DATE('2021-07-30 11:27:00', 'YYYY-MM-DD HH24:MI:SS'), TO_DATE('2021-07-30 11:27:00', 'YYYY-MM-DD HH24:MI:SS'));
INSERT INTO TELECOMHK.CTG_PAGE_TEMPLATE_CANVAS_CONFI (ID, ACTIVE_TEMPLATE_ID, PAGE_ID, CANVAS_ID, CREATOR, UPDATER, IS_DELETED, CREATE_TIME, UPDATE_TIME) VALUES (15, null, 2, 17, 33, 33, 0, TO_DATE('2021-08-02 14:19:08', 'YYYY-MM-DD HH24:MI:SS'), TO_DATE('2021-08-02 14:19:08', 'YYYY-MM-DD HH24:MI:SS'));


INSERT INTO TELECOMHK.CTG_ACTIVITY_PAGE_TEMPLATE (ID, ACTIVE_TEMPLATE_ID, POINT, PAGE_NAME, PAGE_TITLE, TEMPLATE_TYPE, PAGE_HTML, PAGE_CSS, PAGE_WAP_CSS, PAGE_OPTION, PAGE_PROPS, PARENT_PAGE_ID, STEP_INDEX, PREVIEW_CHART, TEMPLATE_REMARK, ROUTE_URL, ENABLED, CREATOR, UPDATER, IS_DELETED, CREATE_TIME, UPDATE_TIME) VALUES (1, 1, null, 'AE48690C6D1627455581221', '首页', 0, null, null, null, null, null, 0, 0, null, null, '9CABFE0B321627455581221', 1, 33, 33, 0, TO_DATE('2021-07-28 14:59:32', 'YYYY-MM-DD HH24:MI:SS'), TO_DATE('2021-07-28 14:59:32', 'YYYY-MM-DD HH24:MI:SS'));
INSERT INTO TELECOMHK.CTG_ACTIVITY_PAGE_TEMPLATE (ID, ACTIVE_TEMPLATE_ID, POINT, PAGE_NAME, PAGE_TITLE, TEMPLATE_TYPE, PAGE_HTML, PAGE_CSS, PAGE_WAP_CSS, PAGE_OPTION, PAGE_PROPS, PARENT_PAGE_ID, STEP_INDEX, PREVIEW_CHART, TEMPLATE_REMARK, ROUTE_URL, ENABLED, CREATOR, UPDATER, IS_DELETED, CREATE_TIME, UPDATE_TIME) VALUES (2, 1, null, 'EC887E47AD1627461109534', '详情页', 0, null, null, null, null, null, 0, 1, null, null, 'FA176A55221627461109534', 1, 33, 33, 0, TO_DATE('2021-07-28 16:31:41', 'YYYY-MM-DD HH24:MI:SS'), TO_DATE('2021-07-28 16:31:41', 'YYYY-MM-DD HH24:MI:SS'));


INSERT INTO TELECOMHK.CTG_ACTIVITY_TEMPLATE (ID, NAME, COPY_TEMPLATE_NAME, ACTIVITY_ID, REFERENCE_CODE, PREVIEW_CHART, USE_SCENE, ACTIVITY_TYPE, THEME_METHOD, LANGUAGE_TYPE, TERMINAL_TYPE, STATUS, ROUTE_URL, ENABLED, CREATOR, UPDATER, IS_DELETED, CREATE_TIME, UPDATE_TIME) VALUES (1, '专属链接模版', null, 0, 'B03EE9CD4718B382', 'http://192.168.100.180/static/upload//activityImage/202107281459155160_pc.png', '专属链接调试版本', 1, 0, 1, 2, 0, 'AF31D67E', 1, 33, 33, 0, TO_DATE('2021-07-28 14:59:30', 'YYYY-MM-DD HH24:MI:SS'), TO_DATE('2021-07-28 14:59:30', 'YYYY-MM-DD HH24:MI:SS'));



INSERT INTO TELECOMHK.CTG_BUSINESS_TYPE (ID, BUSINESS_TYPE_NAME, SHOW_RULE, RULE_CONFIG_URL, RELATE_COMP_STATUS, ACTION_CODE, USE_SCENE, ENABLED, CREATOR, UPDATER, IS_DELETED, CREATE_TIME, UPDATE_TIME) VALUES (1, '活动套餐', 0, null, 0, '2B31320D7D', null, 1, 33, 33, 0, TO_DATE('2021-07-27 09:29:20', 'YYYY-MM-DD HH24:MI:SS'), TO_DATE('2021-07-27 09:29:20', 'YYYY-MM-DD HH24:MI:SS'));
INSERT INTO TELECOMHK.CTG_BUSINESS_TYPE (ID, BUSINESS_TYPE_NAME, SHOW_RULE, RULE_CONFIG_URL, RELATE_COMP_STATUS, ACTION_CODE, USE_SCENE, ENABLED, CREATOR, UPDATER, IS_DELETED, CREATE_TIME, UPDATE_TIME) VALUES (2, 'SA配置', 0, null, 0, '0BE17BAFC6', null, 1, 33, 33, 0, TO_DATE('2021-07-27 09:29:37', 'YYYY-MM-DD HH24:MI:SS'), TO_DATE('2021-07-27 09:29:37', 'YYYY-MM-DD HH24:MI:SS'));
INSERT INTO TELECOMHK.CTG_BUSINESS_TYPE (ID, BUSINESS_TYPE_NAME, SHOW_RULE, RULE_CONFIG_URL, RELATE_COMP_STATUS, ACTION_CODE, USE_SCENE, ENABLED, CREATOR, UPDATER, IS_DELETED, CREATE_TIME, UPDATE_TIME) VALUES (3, '通用配置', 0, null, 0, 'BF126DD789', null, 1, 33, 33, 0, TO_DATE('2021-07-27 09:30:01', 'YYYY-MM-DD HH24:MI:SS'), TO_DATE('2021-07-27 09:30:01', 'YYYY-MM-DD HH24:MI:SS'));
INSERT INTO TELECOMHK.CTG_BUSINESS_TYPE (ID, BUSINESS_TYPE_NAME, SHOW_RULE, RULE_CONFIG_URL, RELATE_COMP_STATUS, ACTION_CODE, USE_SCENE, ENABLED, CREATOR, UPDATER, IS_DELETED, CREATE_TIME, UPDATE_TIME) VALUES (4, '活动规则', 0, null, 0, '4B3184A123', null, 1, 33, 33, 0, TO_DATE('2021-07-27 09:30:09', 'YYYY-MM-DD HH24:MI:SS'), TO_DATE('2021-07-27 09:30:09', 'YYYY-MM-DD HH24:MI:SS'));
INSERT INTO TELECOMHK.CTG_BUSINESS_TYPE (ID, BUSINESS_TYPE_NAME, SHOW_RULE, RULE_CONFIG_URL, RELATE_COMP_STATUS, ACTION_CODE, USE_SCENE, ENABLED, CREATOR, UPDATER, IS_DELETED, CREATE_TIME, UPDATE_TIME) VALUES (5, 'asdasd', 1, 'asdasd', 1, 'F2D62F41D4', null, 1, 33, 33, 1, TO_DATE('2021-07-27 09:58:49', 'YYYY-MM-DD HH24:MI:SS'), TO_DATE('2021-07-27 11:50:59', 'YYYY-MM-DD HH24:MI:SS'));
INSERT INTO TELECOMHK.CTG_BUSINESS_TYPE (ID, BUSINESS_TYPE_NAME, SHOW_RULE, RULE_CONFIG_URL, RELATE_COMP_STATUS, ACTION_CODE, USE_SCENE, ENABLED, CREATOR, UPDATER, IS_DELETED, CREATE_TIME, UPDATE_TIME) VALUES (6, 'banner', 0, null, 0, '427C57CA0C', null, 1, 33, 33, 0, TO_DATE('2021-07-27 11:55:42', 'YYYY-MM-DD HH24:MI:SS'), TO_DATE('2021-07-27 11:55:42', 'YYYY-MM-DD HH24:MI:SS'));
INSERT INTO TELECOMHK.CTG_BUSINESS_TYPE (ID, BUSINESS_TYPE_NAME, SHOW_RULE, RULE_CONFIG_URL, RELATE_COMP_STATUS, ACTION_CODE, USE_SCENE, ENABLED, CREATOR, UPDATER, IS_DELETED, CREATE_TIME, UPDATE_TIME) VALUES (7, 'asd', 1, null, 1, 'A63B377761', null, 1, 33, 33, 1, TO_DATE('2021-07-27 11:56:30', 'YYYY-MM-DD HH24:MI:SS'), TO_DATE('2021-07-27 11:56:33', 'YYYY-MM-DD HH24:MI:SS'));
INSERT INTO TELECOMHK.CTG_BUSINESS_TYPE (ID, BUSINESS_TYPE_NAME, SHOW_RULE, RULE_CONFIG_URL, RELATE_COMP_STATUS, ACTION_CODE, USE_SCENE, ENABLED, CREATOR, UPDATER, IS_DELETED, CREATE_TIME, UPDATE_TIME) VALUES (8, '页头页尾', 0, null, 0, '14799486BD', null, 0, 33, 33, 0, TO_DATE('2021-07-27 11:57:45', 'YYYY-MM-DD HH24:MI:SS'), TO_DATE('2021-07-27 11:57:45', 'YYYY-MM-DD HH24:MI:SS'));




INSERT INTO TELECOMHK.CTG_CANVAS (ID, CANVAS_NAME, CANVAS_TEMPLATE_ID, BUSINESS_TYPE_ID, CANVAS_HTML, CANVAS_LAYOUT, SHOW_INDEX, CANVAS_OPTION, PREVIEW_CHART, USE_SCENE, CANVAS_CSS, CANVAS_WAP_CSS, PLACEHOLDER, CONFIG_STATUS, TERMINAL_TYPE, CREATOR, UPDATER, IS_DELETED, CREATE_TIME, UPDATE_TIME) VALUES (3, '专属链接列表页', 6, 6, '<div class="active-floor-wrapper exclusive-link"><!---VueComp001--></div>', 2, 1, null, 'http://192.168.100.180/static/upload//activityImage/202107281447074030_pc.png', null, null, null, '[{"compId":"9","compTitle":"专属链接列表页","placeholder":"<!---VueComp001-->","drag":1}]', 0, 0, 33, 33, 0, TO_DATE('2021-07-28 16:08:22', 'YYYY-MM-DD HH24:MI:SS'), TO_DATE('2021-07-30 02:52:59', 'YYYY-MM-DD HH24:MI:SS'));
INSERT INTO TELECOMHK.CTG_CANVAS (ID, CANVAS_NAME, CANVAS_TEMPLATE_ID, BUSINESS_TYPE_ID, CANVAS_HTML, CANVAS_LAYOUT, SHOW_INDEX, CANVAS_OPTION, PREVIEW_CHART, USE_SCENE, CANVAS_CSS, CANVAS_WAP_CSS, PLACEHOLDER, CONFIG_STATUS, TERMINAL_TYPE, CREATOR, UPDATER, IS_DELETED, CREATE_TIME, UPDATE_TIME) VALUES (4, '专属链接列表页', 6, 6, '<div class="active-floor-wrapper exclusive-link"><!---VueComp001--></div>', 2, 0, null, 'http://192.168.100.180/static/upload//activityImage/202107281447074030_pc.png', null, null, null, '[{"compId":"10","compTitle":"专属链接列表页","placeholder":"<!---VueComp001-->","drag":1}]', 0, 0, 33, 33, 1, TO_DATE('2021-07-28 16:31:48', 'YYYY-MM-DD HH24:MI:SS'), TO_DATE('2021-07-28 16:43:34', 'YYYY-MM-DD HH24:MI:SS'));
INSERT INTO TELECOMHK.CTG_CANVAS (ID, CANVAS_NAME, CANVAS_TEMPLATE_ID, BUSINESS_TYPE_ID, CANVAS_HTML, CANVAS_LAYOUT, SHOW_INDEX, CANVAS_OPTION, PREVIEW_CHART, USE_SCENE, CANVAS_CSS, CANVAS_WAP_CSS, PLACEHOLDER, CONFIG_STATUS, TERMINAL_TYPE, CREATOR, UPDATER, IS_DELETED, CREATE_TIME, UPDATE_TIME) VALUES (5, '专属链接头部', 7, 1, '<div class="active-floor-wrapper zhuanshulianjie"><!---VueComp001--></div>', 0, 0, '{}', null, null, '{}', '{}', '[{"compId":"11","compTitle":"专属链接头","placeholder":"","drag":1}]', 0, 0, 33, 33, 1, TO_DATE('2021-07-28 16:36:56', 'YYYY-MM-DD HH24:MI:SS'), TO_DATE('2021-07-30 10:48:57', 'YYYY-MM-DD HH24:MI:SS'));
INSERT INTO TELECOMHK.CTG_CANVAS (ID, CANVAS_NAME, CANVAS_TEMPLATE_ID, BUSINESS_TYPE_ID, CANVAS_HTML, CANVAS_LAYOUT, SHOW_INDEX, CANVAS_OPTION, PREVIEW_CHART, USE_SCENE, CANVAS_CSS, CANVAS_WAP_CSS, PLACEHOLDER, CONFIG_STATUS, TERMINAL_TYPE, CREATOR, UPDATER, IS_DELETED, CREATE_TIME, UPDATE_TIME) VALUES (6, '专属链接头部', 7, 1, '<div class="active-floor-wrapper zhuanshulianjie"><!---VueComp001--></div>', 0, 1, '{}', null, null, '{}', '{}', '[{"compId":"12","compTitle":"专属链接头","placeholder":"","drag":1}]', 0, 0, 33, 33, 1, TO_DATE('2021-07-28 16:37:35', 'YYYY-MM-DD HH24:MI:SS'), TO_DATE('2021-07-30 10:52:49', 'YYYY-MM-DD HH24:MI:SS'));
INSERT INTO TELECOMHK.CTG_CANVAS (ID, CANVAS_NAME, CANVAS_TEMPLATE_ID, BUSINESS_TYPE_ID, CANVAS_HTML, CANVAS_LAYOUT, SHOW_INDEX, CANVAS_OPTION, PREVIEW_CHART, USE_SCENE, CANVAS_CSS, CANVAS_WAP_CSS, PLACEHOLDER, CONFIG_STATUS, TERMINAL_TYPE, CREATOR, UPDATER, IS_DELETED, CREATE_TIME, UPDATE_TIME) VALUES (7, '专属链接头部', 7, 1, '<div class="active-floor-wrapper zhuanshulianjie"><!---VueComp001--></div>', 0, 0, '{}', null, null, '{}', '{}', '[{"compId":"13","compTitle":"专属链接头","placeholder":"<!---VueComp001-->","drag":1}]', 0, 0, 33, 33, 0, TO_DATE('2021-07-28 16:40:22', 'YYYY-MM-DD HH24:MI:SS'), TO_DATE('2021-07-30 02:52:59', 'YYYY-MM-DD HH24:MI:SS'));
INSERT INTO TELECOMHK.CTG_CANVAS (ID, CANVAS_NAME, CANVAS_TEMPLATE_ID, BUSINESS_TYPE_ID, CANVAS_HTML, CANVAS_LAYOUT, SHOW_INDEX, CANVAS_OPTION, PREVIEW_CHART, USE_SCENE, CANVAS_CSS, CANVAS_WAP_CSS, PLACEHOLDER, CONFIG_STATUS, TERMINAL_TYPE, CREATOR, UPDATER, IS_DELETED, CREATE_TIME, UPDATE_TIME) VALUES (8, '专属链接头部', 7, 1, '<div class="active-floor-wrapper zhuanshulianjie"><!---VueComp001--></div>', 0, 1, '{}', null, null, '{}', '{}', '[{"compId":"14","compTitle":"专属链接头","placeholder":"<!---VueComp001-->","drag":1}]', 0, 0, 33, 33, 1, TO_DATE('2021-07-28 16:43:39', 'YYYY-MM-DD HH24:MI:SS'), TO_DATE('2021-07-30 10:48:57', 'YYYY-MM-DD HH24:MI:SS'));
INSERT INTO TELECOMHK.CTG_CANVAS (ID, CANVAS_NAME, CANVAS_TEMPLATE_ID, BUSINESS_TYPE_ID, CANVAS_HTML, CANVAS_LAYOUT, SHOW_INDEX, CANVAS_OPTION, PREVIEW_CHART, USE_SCENE, CANVAS_CSS, CANVAS_WAP_CSS, PLACEHOLDER, CONFIG_STATUS, TERMINAL_TYPE, CREATOR, UPDATER, IS_DELETED, CREATE_TIME, UPDATE_TIME) VALUES (9, '专属链接列表页', 6, 6, '<div class="active-floor-wrapper exclusive-link"><!---VueComp001--></div>', 2, 2, null, 'http://192.168.100.180/static/upload//activityImage/202107281447074030_pc.png', null, null, null, '[{"compId":"15","compTitle":"专属链接列表页","placeholder":"<!---VueComp001-->","drag":1}]', 0, 0, 33, 33, 1, TO_DATE('2021-07-28 16:44:31', 'YYYY-MM-DD HH24:MI:SS'), TO_DATE('2021-07-28 16:44:53', 'YYYY-MM-DD HH24:MI:SS'));
INSERT INTO TELECOMHK.CTG_CANVAS (ID, CANVAS_NAME, CANVAS_TEMPLATE_ID, BUSINESS_TYPE_ID, CANVAS_HTML, CANVAS_LAYOUT, SHOW_INDEX, CANVAS_OPTION, PREVIEW_CHART, USE_SCENE, CANVAS_CSS, CANVAS_WAP_CSS, PLACEHOLDER, CONFIG_STATUS, TERMINAL_TYPE, CREATOR, UPDATER, IS_DELETED, CREATE_TIME, UPDATE_TIME) VALUES (10, '专属链接详情SA', 10, 1, '<div class="active-floor-wrapper exclusive-link"><!---VueComp001--></div>', 2, 2, null, 'http://192.168.100.180/static/upload//activityImage/202107281700364900_pc.png', null, null, null, '[{"compId":"18","compTitle":"专属链接详情基础SA内容","placeholder":"<!---VueComp001-->","drag":1}]', 0, 0, 33, 33, 1, TO_DATE('2021-07-28 17:01:32', 'YYYY-MM-DD HH24:MI:SS'), TO_DATE('2021-07-28 17:10:42', 'YYYY-MM-DD HH24:MI:SS'));
INSERT INTO TELECOMHK.CTG_CANVAS (ID, CANVAS_NAME, CANVAS_TEMPLATE_ID, BUSINESS_TYPE_ID, CANVAS_HTML, CANVAS_LAYOUT, SHOW_INDEX, CANVAS_OPTION, PREVIEW_CHART, USE_SCENE, CANVAS_CSS, CANVAS_WAP_CSS, PLACEHOLDER, CONFIG_STATUS, TERMINAL_TYPE, CREATOR, UPDATER, IS_DELETED, CREATE_TIME, UPDATE_TIME) VALUES (11, '专属链接详情SA', 10, 1, '<div class="active-floor-wrapper exclusive-link"><!---VueComp001--></div>', 2, 3, '{}', 'http://192.168.100.180/static/upload//activityImage/202107281700364900_pc.png', null, '{}', '{}', '[{"compId":"19","compTitle":"专属链接详情基础SA内容","placeholder":"<!---VueComp001-->","drag":1}]', 0, 0, 33, 33, 1, TO_DATE('2021-07-28 17:07:19', 'YYYY-MM-DD HH24:MI:SS'), TO_DATE('2021-07-28 17:10:42', 'YYYY-MM-DD HH24:MI:SS'));
INSERT INTO TELECOMHK.CTG_CANVAS (ID, CANVAS_NAME, CANVAS_TEMPLATE_ID, BUSINESS_TYPE_ID, CANVAS_HTML, CANVAS_LAYOUT, SHOW_INDEX, CANVAS_OPTION, PREVIEW_CHART, USE_SCENE, CANVAS_CSS, CANVAS_WAP_CSS, PLACEHOLDER, CONFIG_STATUS, TERMINAL_TYPE, CREATOR, UPDATER, IS_DELETED, CREATE_TIME, UPDATE_TIME) VALUES (12, '专属链接详情条款与备注', 9, 1, '<div class="active-floor-wrapper exclusive-link"><!---VueComp001--></div>', 2, 4, '{}', 'http://192.168.100.180/static/upload//activityImage/202107281658222070_pc.png', null, '{}', '{}', '[{"compId":"20","compTitle":"专属链接详情基础条款与规则","placeholder":"<!---VueComp001-->","drag":1}]', 0, 0, 33, 33, 1, TO_DATE('2021-07-28 17:08:19', 'YYYY-MM-DD HH24:MI:SS'), TO_DATE('2021-07-28 17:10:42', 'YYYY-MM-DD HH24:MI:SS'));
INSERT INTO TELECOMHK.CTG_CANVAS (ID, CANVAS_NAME, CANVAS_TEMPLATE_ID, BUSINESS_TYPE_ID, CANVAS_HTML, CANVAS_LAYOUT, SHOW_INDEX, CANVAS_OPTION, PREVIEW_CHART, USE_SCENE, CANVAS_CSS, CANVAS_WAP_CSS, PLACEHOLDER, CONFIG_STATUS, TERMINAL_TYPE, CREATOR, UPDATER, IS_DELETED, CREATE_TIME, UPDATE_TIME) VALUES (13, '专属链接详情基础信息', 8, 1, '<div class="active-floor-wrapper exclusive-link"><!---VueComp001--></div>', 2, 1, '{}', 'http://192.168.100.180/static/upload//activityImage/202107281654235370_pc.png', null, '{"bgc":"rgba(255, 255, 255, 1)"}', '{}', '[{"compId":"21","compTitle":"专属链接详情基础信息","placeholder":"<!---VueComp001-->","drag":1}]', 0, 0, 33, 33, 0, TO_DATE('2021-07-28 17:10:48', 'YYYY-MM-DD HH24:MI:SS'), TO_DATE('2021-08-02 06:20:47', 'YYYY-MM-DD HH24:MI:SS'));
INSERT INTO TELECOMHK.CTG_CANVAS (ID, CANVAS_NAME, CANVAS_TEMPLATE_ID, BUSINESS_TYPE_ID, CANVAS_HTML, CANVAS_LAYOUT, SHOW_INDEX, CANVAS_OPTION, PREVIEW_CHART, USE_SCENE, CANVAS_CSS, CANVAS_WAP_CSS, PLACEHOLDER, CONFIG_STATUS, TERMINAL_TYPE, CREATOR, UPDATER, IS_DELETED, CREATE_TIME, UPDATE_TIME) VALUES (14, '专属链接头部', 7, 1, '<div class="active-floor-wrapper zhuanshulianjie"><!---VueComp001--></div>', 0, 0, '{}', null, null, '{}', '{}', '[{"compId":"22","compTitle":"专属链接头","placeholder":"<!---VueComp001-->","drag":1}]', 0, 0, 33, 33, 0, TO_DATE('2021-07-30 10:50:50', 'YYYY-MM-DD HH24:MI:SS'), TO_DATE('2021-08-02 06:19:25', 'YYYY-MM-DD HH24:MI:SS'));
INSERT INTO TELECOMHK.CTG_CANVAS (ID, CANVAS_NAME, CANVAS_TEMPLATE_ID, BUSINESS_TYPE_ID, CANVAS_HTML, CANVAS_LAYOUT, SHOW_INDEX, CANVAS_OPTION, PREVIEW_CHART, USE_SCENE, CANVAS_CSS, CANVAS_WAP_CSS, PLACEHOLDER, CONFIG_STATUS, TERMINAL_TYPE, CREATOR, UPDATER, IS_DELETED, CREATE_TIME, UPDATE_TIME) VALUES (15, '专属链接详情SA', 10, 1, '<div class="active-floor-wrapper exclusive-link"><!---VueComp001--></div>', 2, 2, '{}', 'http://192.168.100.180/static/upload//activityImage/202107281700364900_pc.png', null, '{}', '{}', '[{"compId":"23","compTitle":"专属链接详情基础SA内容","placeholder":"<!---VueComp001-->","drag":1}]', 0, 0, 33, 33, 1, TO_DATE('2021-07-30 11:09:41', 'YYYY-MM-DD HH24:MI:SS'), TO_DATE('2021-07-30 11:29:28', 'YYYY-MM-DD HH24:MI:SS'));
INSERT INTO TELECOMHK.CTG_CANVAS (ID, CANVAS_NAME, CANVAS_TEMPLATE_ID, BUSINESS_TYPE_ID, CANVAS_HTML, CANVAS_LAYOUT, SHOW_INDEX, CANVAS_OPTION, PREVIEW_CHART, USE_SCENE, CANVAS_CSS, CANVAS_WAP_CSS, PLACEHOLDER, CONFIG_STATUS, TERMINAL_TYPE, CREATOR, UPDATER, IS_DELETED, CREATE_TIME, UPDATE_TIME) VALUES (16, '专属链接详情条款与备注', 9, 1, '<div class="active-floor-wrapper exclusive-link"><!---VueComp001--></div>', 2, 3, '{}', 'http://192.168.100.180/static/upload//activityImage/202107281658222070_pc.png', null, '{"bgc":"rgba(255, 255, 255, 1)"}', '{}', '[{"compId":"24","compTitle":"专属链接详情基础条款与规则","placeholder":"<!---VueComp001-->","drag":1}]', 0, 0, 33, 33, 0, TO_DATE('2021-07-30 11:27:00', 'YYYY-MM-DD HH24:MI:SS'), TO_DATE('2021-08-02 06:20:52', 'YYYY-MM-DD HH24:MI:SS'));
INSERT INTO TELECOMHK.CTG_CANVAS (ID, CANVAS_NAME, CANVAS_TEMPLATE_ID, BUSINESS_TYPE_ID, CANVAS_HTML, CANVAS_LAYOUT, SHOW_INDEX, CANVAS_OPTION, PREVIEW_CHART, USE_SCENE, CANVAS_CSS, CANVAS_WAP_CSS, PLACEHOLDER, CONFIG_STATUS, TERMINAL_TYPE, CREATOR, UPDATER, IS_DELETED, CREATE_TIME, UPDATE_TIME) VALUES (17, '专属链接详情SA', 10, 1, '<div class="active-floor-wrapper exclusive-link"><!---VueComp001--></div>', 2, 2, '{}', 'http://192.168.100.180/static/upload//activityImage/202107281700364900_pc.png', null, '{}', '{}', '[{"compId":"25","compTitle":"专属链接详情基础SA内容","placeholder":"<!---VueComp001-->","drag":1}]', 0, 0, 33, 33, 0, TO_DATE('2021-08-02 14:19:08', 'YYYY-MM-DD HH24:MI:SS'), TO_DATE('2021-08-02 06:19:25', 'YYYY-MM-DD HH24:MI:SS'));





INSERT INTO TELECOMHK.CTG_CANVAS_COMP_CONFIG (ID, CANVAS_ID, COMP_ID, CREATOR, UPDATER, IS_DELETED, CREATE_TIME, UPDATE_TIME) VALUES (3, 3, 9, 33, 33, 0, TO_DATE('2021-07-28 16:08:22', 'YYYY-MM-DD HH24:MI:SS'), TO_DATE('2021-07-28 16:08:22', 'YYYY-MM-DD HH24:MI:SS'));
INSERT INTO TELECOMHK.CTG_CANVAS_COMP_CONFIG (ID, CANVAS_ID, COMP_ID, CREATOR, UPDATER, IS_DELETED, CREATE_TIME, UPDATE_TIME) VALUES (4, 4, 10, 33, 33, 1, TO_DATE('2021-07-28 16:31:48', 'YYYY-MM-DD HH24:MI:SS'), TO_DATE('2021-07-28 16:43:34', 'YYYY-MM-DD HH24:MI:SS'));
INSERT INTO TELECOMHK.CTG_CANVAS_COMP_CONFIG (ID, CANVAS_ID, COMP_ID, CREATOR, UPDATER, IS_DELETED, CREATE_TIME, UPDATE_TIME) VALUES (5, 5, 11, 33, 33, 0, TO_DATE('2021-07-28 16:36:56', 'YYYY-MM-DD HH24:MI:SS'), TO_DATE('2021-07-28 16:36:56', 'YYYY-MM-DD HH24:MI:SS'));
INSERT INTO TELECOMHK.CTG_CANVAS_COMP_CONFIG (ID, CANVAS_ID, COMP_ID, CREATOR, UPDATER, IS_DELETED, CREATE_TIME, UPDATE_TIME) VALUES (6, 6, 12, 33, 33, 0, TO_DATE('2021-07-28 16:37:35', 'YYYY-MM-DD HH24:MI:SS'), TO_DATE('2021-07-28 16:37:35', 'YYYY-MM-DD HH24:MI:SS'));
INSERT INTO TELECOMHK.CTG_CANVAS_COMP_CONFIG (ID, CANVAS_ID, COMP_ID, CREATOR, UPDATER, IS_DELETED, CREATE_TIME, UPDATE_TIME) VALUES (7, 7, 13, 33, 33, 0, TO_DATE('2021-07-28 16:40:22', 'YYYY-MM-DD HH24:MI:SS'), TO_DATE('2021-07-28 16:40:22', 'YYYY-MM-DD HH24:MI:SS'));
INSERT INTO TELECOMHK.CTG_CANVAS_COMP_CONFIG (ID, CANVAS_ID, COMP_ID, CREATOR, UPDATER, IS_DELETED, CREATE_TIME, UPDATE_TIME) VALUES (8, 8, 14, 33, 33, 0, TO_DATE('2021-07-28 16:43:39', 'YYYY-MM-DD HH24:MI:SS'), TO_DATE('2021-07-28 16:43:39', 'YYYY-MM-DD HH24:MI:SS'));
INSERT INTO TELECOMHK.CTG_CANVAS_COMP_CONFIG (ID, CANVAS_ID, COMP_ID, CREATOR, UPDATER, IS_DELETED, CREATE_TIME, UPDATE_TIME) VALUES (9, 9, 15, 33, 33, 1, TO_DATE('2021-07-28 16:44:31', 'YYYY-MM-DD HH24:MI:SS'), TO_DATE('2021-07-28 16:44:53', 'YYYY-MM-DD HH24:MI:SS'));
INSERT INTO TELECOMHK.CTG_CANVAS_COMP_CONFIG (ID, CANVAS_ID, COMP_ID, CREATOR, UPDATER, IS_DELETED, CREATE_TIME, UPDATE_TIME) VALUES (10, 10, 18, 33, 33, 0, TO_DATE('2021-07-28 17:01:32', 'YYYY-MM-DD HH24:MI:SS'), TO_DATE('2021-07-28 17:01:32', 'YYYY-MM-DD HH24:MI:SS'));
INSERT INTO TELECOMHK.CTG_CANVAS_COMP_CONFIG (ID, CANVAS_ID, COMP_ID, CREATOR, UPDATER, IS_DELETED, CREATE_TIME, UPDATE_TIME) VALUES (11, 11, 19, 33, 33, 0, TO_DATE('2021-07-28 17:07:19', 'YYYY-MM-DD HH24:MI:SS'), TO_DATE('2021-07-28 17:07:19', 'YYYY-MM-DD HH24:MI:SS'));




INSERT INTO TELECOMHK.CTG_CANVAS_TEMPLATE (ID, CANVAS_NAME, BUSINESS_TYPE_ID, CANVAS_TEMPLATE_HTML, CANVAS_TEMPLATE_LAYOUT, CANVAS_TEMPLATE_CSS, CANVAS_TEMPLATE_WAP_CSS, TERMINAL_TYPE, CANVAS_OPTION, PREVIEW_CHART, PLACEHOLDER, USE_SCENE, ENABLED, CREATOR, UPDATER, IS_DELETED, CREATE_TIME, UPDATE_TIME) VALUES (6, '专属链接列表页', 6, null, 2, '{}', '{}', 0, '{}', 'http://192.168.100.180/static/upload//activityImage/202107281447074030_pc.png', '[{"placeholder":"<!---VueComp001-->","compId":5,"drag":1,"compTitle":"专属链接列表页"}]', null, 1, 33, 33, 0, TO_DATE('2021-07-28 14:41:40', 'YYYY-MM-DD HH24:MI:SS'), TO_DATE('2021-07-28 09:06:42', 'YYYY-MM-DD HH24:MI:SS'));
INSERT INTO TELECOMHK.CTG_CANVAS_TEMPLATE (ID, CANVAS_NAME, BUSINESS_TYPE_ID, CANVAS_TEMPLATE_HTML, CANVAS_TEMPLATE_LAYOUT, CANVAS_TEMPLATE_CSS, CANVAS_TEMPLATE_WAP_CSS, TERMINAL_TYPE, CANVAS_OPTION, PREVIEW_CHART, PLACEHOLDER, USE_SCENE, ENABLED, CREATOR, UPDATER, IS_DELETED, CREATE_TIME, UPDATE_TIME) VALUES (7, '专属链接头部', 1, null, 0, '{}', '{}', 0, '{}', null, '[{"placeholder":"<!---VueComp001-->","compId":3,"drag":1,"compTitle":"专属链接头"}]', null, 1, 33, 33, 0, TO_DATE('2021-07-28 16:13:21', 'YYYY-MM-DD HH24:MI:SS'), TO_DATE('2021-07-28 08:40:14', 'YYYY-MM-DD HH24:MI:SS'));
INSERT INTO TELECOMHK.CTG_CANVAS_TEMPLATE (ID, CANVAS_NAME, BUSINESS_TYPE_ID, CANVAS_TEMPLATE_HTML, CANVAS_TEMPLATE_LAYOUT, CANVAS_TEMPLATE_CSS, CANVAS_TEMPLATE_WAP_CSS, TERMINAL_TYPE, CANVAS_OPTION, PREVIEW_CHART, PLACEHOLDER, USE_SCENE, ENABLED, CREATOR, UPDATER, IS_DELETED, CREATE_TIME, UPDATE_TIME) VALUES (8, '专属链接详情基础信息', 1, null, 2, '{}', '{}', 0, '{}', 'http://192.168.100.180/static/upload//activityImage/202107281654235370_pc.png', '[{"placeholder":"<!---VueComp001-->","compId":16,"drag":1,"compTitle":"专属链接详情基础信息"}]', null, 1, 33, 33, 0, TO_DATE('2021-07-28 16:55:01', 'YYYY-MM-DD HH24:MI:SS'), TO_DATE('2021-07-28 09:06:50', 'YYYY-MM-DD HH24:MI:SS'));
INSERT INTO TELECOMHK.CTG_CANVAS_TEMPLATE (ID, CANVAS_NAME, BUSINESS_TYPE_ID, CANVAS_TEMPLATE_HTML, CANVAS_TEMPLATE_LAYOUT, CANVAS_TEMPLATE_CSS, CANVAS_TEMPLATE_WAP_CSS, TERMINAL_TYPE, CANVAS_OPTION, PREVIEW_CHART, PLACEHOLDER, USE_SCENE, ENABLED, CREATOR, UPDATER, IS_DELETED, CREATE_TIME, UPDATE_TIME) VALUES (9, '专属链接详情条款与备注', 1, null, 2, '{}', '{}', 0, '{}', 'http://192.168.100.180/static/upload//activityImage/202107281658222070_pc.png', '[{"placeholder":"<!---VueComp001-->","compId":6,"drag":1,"compTitle":"专属链接详情基础条款与规则"}]', null, 1, 33, 33, 0, TO_DATE('2021-07-28 16:58:50', 'YYYY-MM-DD HH24:MI:SS'), TO_DATE('2021-07-28 09:06:59', 'YYYY-MM-DD HH24:MI:SS'));
INSERT INTO TELECOMHK.CTG_CANVAS_TEMPLATE (ID, CANVAS_NAME, BUSINESS_TYPE_ID, CANVAS_TEMPLATE_HTML, CANVAS_TEMPLATE_LAYOUT, CANVAS_TEMPLATE_CSS, CANVAS_TEMPLATE_WAP_CSS, TERMINAL_TYPE, CANVAS_OPTION, PREVIEW_CHART, PLACEHOLDER, USE_SCENE, ENABLED, CREATOR, UPDATER, IS_DELETED, CREATE_TIME, UPDATE_TIME) VALUES (10, '专属链接详情SA', 1, null, 2, '{}', '{}', 0, '{}', 'http://192.168.100.180/static/upload//activityImage/202107281700364900_pc.png', '[{"placeholder":"<!---VueComp001-->","compId":17,"drag":1,"compTitle":"专属链接详情基础SA内容"}]', null, 1, 33, 33, 0, TO_DATE('2021-07-28 17:01:00', 'YYYY-MM-DD HH24:MI:SS'), TO_DATE('2021-07-28 09:06:33', 'YYYY-MM-DD HH24:MI:SS'));




INSERT INTO TELECOMHK.CTG_COMPONENT (ID, COMP_TEMPLATE_ID, COMP_NAME, COMP_TITLE, COMP_TYPE_ID, BUSINESS_TYPE_ID, LANGUAGE_TYPE, COMP_ANIMATION, COMP_CSS, COMP_WAP_CSS, COMP_OPTION, COMP_PROPS, COMP_EVENT, PREVIEW_CHART, TERMINAL_TYPE, USE_SCENE, COMP_REMARK, COMP_LINK, IS_TEMPLATE, ENABLED, CREATOR, UPDATER, IS_DELETED, CREATE_TIME, UPDATE_TIME) VALUES (1, 0, 'ExclusiveRules2', '专属链接详情基础条款与规则2', 16, 6, 0, null, '{"ft":{"s":14},"top":{"ft":{"t":1,"c":"#197ff4","h":""},"ft2":{"t":1,"c":"#197ff4"}},"center":{"ft":{"t":1,"c":"#197ff4","lh":""},"ft2":{"t":1,"c":"#197ff4"}},"bottom":{"ft":{"t":1,"c":"#197ff4"}}}', '{"ft":{"s":14},"top":{"ft":{"t":1,"c":"#197ff4","h":""},"ft2":{"t":1,"c":"#197ff4"}},"center":{"ft":{"t":1,"c":"#197ff4","lh":""},"ft2":{"t":1,"c":"#197ff4"}},"bottom":{"ft":{"t":1,"c":"#197ff4"}}}', '{"top":{"text":"活动规则","link1":"数据漫游资费","link2":"语音服务资费","link3":"短信资费"},"center":{"style":"position:absolute;left:0","text":"","moreText":"","showMoreFlag":true},"bottom":{"dialogText":"","dialogTitle":""}}', null, '{}', null, 0, null, null, '{}', 1, 1, 33, 33, 0, TO_DATE('2021-07-27 11:51:52', 'YYYY-MM-DD HH24:MI:SS'), TO_DATE('2021-07-27 11:56:12', 'YYYY-MM-DD HH24:MI:SS'));
INSERT INTO TELECOMHK.CTG_COMPONENT (ID, COMP_TEMPLATE_ID, COMP_NAME, COMP_TITLE, COMP_TYPE_ID, BUSINESS_TYPE_ID, LANGUAGE_TYPE, COMP_ANIMATION, COMP_CSS, COMP_WAP_CSS, COMP_OPTION, COMP_PROPS, COMP_EVENT, PREVIEW_CHART, TERMINAL_TYPE, USE_SCENE, COMP_REMARK, COMP_LINK, IS_TEMPLATE, ENABLED, CREATOR, UPDATER, IS_DELETED, CREATE_TIME, UPDATE_TIME) VALUES (2, 0, 'BackgroundImage', '专属链接详情页图片', 15, 1, 0, null, '{"t":194,"l":455,"w":1012,"h":378,"ft":{"c":"#fff"},"bg":{"t":4,"i":"https://images.ctexcel.us/upload//activityImage/202004140413078800_pc.png","p":"50% 50%"}}', '{}', '{"compClass": ""}', null, null, null, 0, null, '专属链接详情页图片', null, 1, 1, 33, 33, 0, TO_DATE('2021-07-27 11:53:46', 'YYYY-MM-DD HH24:MI:SS'), TO_DATE('2021-07-27 11:53:46', 'YYYY-MM-DD HH24:MI:SS'));
INSERT INTO TELECOMHK.CTG_COMPONENT (ID, COMP_TEMPLATE_ID, COMP_NAME, COMP_TITLE, COMP_TYPE_ID, BUSINESS_TYPE_ID, LANGUAGE_TYPE, COMP_ANIMATION, COMP_CSS, COMP_WAP_CSS, COMP_OPTION, COMP_PROPS, COMP_EVENT, PREVIEW_CHART, TERMINAL_TYPE, USE_SCENE, COMP_REMARK, COMP_LINK, IS_TEMPLATE, ENABLED, CREATOR, UPDATER, IS_DELETED, CREATE_TIME, UPDATE_TIME) VALUES (3, 0, 'ExclusiveHeader', '专属链接头', 18, 8, 0, null, '{}', '{}', '{"logoPosition": "0",  "logoUrl": ""}', null, '{}', null, 0, null, '专属链接头', '{}', 1, 1, 33, 33, 0, TO_DATE('2021-07-27 11:58:35', 'YYYY-MM-DD HH24:MI:SS'), TO_DATE('2021-07-27 11:58:35', 'YYYY-MM-DD HH24:MI:SS'));
INSERT INTO TELECOMHK.CTG_COMPONENT (ID, COMP_TEMPLATE_ID, COMP_NAME, COMP_TITLE, COMP_TYPE_ID, BUSINESS_TYPE_ID, LANGUAGE_TYPE, COMP_ANIMATION, COMP_CSS, COMP_WAP_CSS, COMP_OPTION, COMP_PROPS, COMP_EVENT, PREVIEW_CHART, TERMINAL_TYPE, USE_SCENE, COMP_REMARK, COMP_LINK, IS_TEMPLATE, ENABLED, CREATOR, UPDATER, IS_DELETED, CREATE_TIME, UPDATE_TIME) VALUES (4, 0, 'ExclusiveMoreTerms', '专属链接更多条款与细则', 13, 4, 0, null, '{"h":28,"ft":{"s":16,"t":1,"c":"#2e2e2e","lh":"28"},ft2:{"s":14,"t":1,"c":"#2e2e2e"},"rotate":0}', '{"h":28,"ft":{"s":16,"t":1,"c":"#2e2e2e","lh":"28"},ft2:{"s":14,"t":1,"c":"#2e2e2e"},"rotate":0}', '{"text":"活动规则",dialogText:''语音服务资费'',"style":"",dialogTitle:''「校园棒棒糖」计划之条款及细则''}', null, '{}', null, 0, null, null, '{}', 1, 1, 33, 33, 0, TO_DATE('2021-07-27 11:59:21', 'YYYY-MM-DD HH24:MI:SS'), TO_DATE('2021-07-27 11:59:21', 'YYYY-MM-DD HH24:MI:SS'));
INSERT INTO TELECOMHK.CTG_COMPONENT (ID, COMP_TEMPLATE_ID, COMP_NAME, COMP_TITLE, COMP_TYPE_ID, BUSINESS_TYPE_ID, LANGUAGE_TYPE, COMP_ANIMATION, COMP_CSS, COMP_WAP_CSS, COMP_OPTION, COMP_PROPS, COMP_EVENT, PREVIEW_CHART, TERMINAL_TYPE, USE_SCENE, COMP_REMARK, COMP_LINK, IS_TEMPLATE, ENABLED, CREATOR, UPDATER, IS_DELETED, CREATE_TIME, UPDATE_TIME) VALUES (5, 0, 'ExclusiveList', '专属链接列表页', 15, 1, 0, null, '{}', '{}', '{}', null, '{}', null, 0, null, null, '{}', 1, 1, 33, 33, 0, TO_DATE('2021-07-28 10:27:42', 'YYYY-MM-DD HH24:MI:SS'), TO_DATE('2021-07-28 10:27:42', 'YYYY-MM-DD HH24:MI:SS'));
INSERT INTO TELECOMHK.CTG_COMPONENT (ID, COMP_TEMPLATE_ID, COMP_NAME, COMP_TITLE, COMP_TYPE_ID, BUSINESS_TYPE_ID, LANGUAGE_TYPE, COMP_ANIMATION, COMP_CSS, COMP_WAP_CSS, COMP_OPTION, COMP_PROPS, COMP_EVENT, PREVIEW_CHART, TERMINAL_TYPE, USE_SCENE, COMP_REMARK, COMP_LINK, IS_TEMPLATE, ENABLED, CREATOR, UPDATER, IS_DELETED, CREATE_TIME, UPDATE_TIME) VALUES (6, 0, 'ExclusiveRules', '专属链接详情基础条款与规则', 15, 1, 0, null, '{}', '{}', '{}', null, '{}', null, 0, null, null, '{}', 1, 1, 33, 33, 0, TO_DATE('2021-07-28 10:40:33', 'YYYY-MM-DD HH24:MI:SS'), TO_DATE('2021-07-28 10:40:33', 'YYYY-MM-DD HH24:MI:SS'));
INSERT INTO TELECOMHK.CTG_COMPONENT (ID, COMP_TEMPLATE_ID, COMP_NAME, COMP_TITLE, COMP_TYPE_ID, BUSINESS_TYPE_ID, LANGUAGE_TYPE, COMP_ANIMATION, COMP_CSS, COMP_WAP_CSS, COMP_OPTION, COMP_PROPS, COMP_EVENT, PREVIEW_CHART, TERMINAL_TYPE, USE_SCENE, COMP_REMARK, COMP_LINK, IS_TEMPLATE, ENABLED, CREATOR, UPDATER, IS_DELETED, CREATE_TIME, UPDATE_TIME) VALUES (9, 0, 'ExclusiveList', '专属链接列表页', 15, 1, 0, null, '{}', '{}', '{}', null, '{}', null, 0, null, null, '{}', 0, 1, 33, 33, 0, TO_DATE('2021-07-28 16:08:22', 'YYYY-MM-DD HH24:MI:SS'), TO_DATE('2021-07-28 16:08:22', 'YYYY-MM-DD HH24:MI:SS'));
INSERT INTO TELECOMHK.CTG_COMPONENT (ID, COMP_TEMPLATE_ID, COMP_NAME, COMP_TITLE, COMP_TYPE_ID, BUSINESS_TYPE_ID, LANGUAGE_TYPE, COMP_ANIMATION, COMP_CSS, COMP_WAP_CSS, COMP_OPTION, COMP_PROPS, COMP_EVENT, PREVIEW_CHART, TERMINAL_TYPE, USE_SCENE, COMP_REMARK, COMP_LINK, IS_TEMPLATE, ENABLED, CREATOR, UPDATER, IS_DELETED, CREATE_TIME, UPDATE_TIME) VALUES (10, 0, 'ExclusiveList', '专属链接列表页', 15, 1, 0, null, '{}', '{}', '{}', null, '{}', null, 0, null, null, '{}', 0, 1, 33, 33, 0, TO_DATE('2021-07-28 16:31:48', 'YYYY-MM-DD HH24:MI:SS'), TO_DATE('2021-07-28 16:31:48', 'YYYY-MM-DD HH24:MI:SS'));
INSERT INTO TELECOMHK.CTG_COMPONENT (ID, COMP_TEMPLATE_ID, COMP_NAME, COMP_TITLE, COMP_TYPE_ID, BUSINESS_TYPE_ID, LANGUAGE_TYPE, COMP_ANIMATION, COMP_CSS, COMP_WAP_CSS, COMP_OPTION, COMP_PROPS, COMP_EVENT, PREVIEW_CHART, TERMINAL_TYPE, USE_SCENE, COMP_REMARK, COMP_LINK, IS_TEMPLATE, ENABLED, CREATOR, UPDATER, IS_DELETED, CREATE_TIME, UPDATE_TIME) VALUES (11, 0, 'ExclusiveHeader', '专属链接头', 18, 8, 0, null, '{}', '{}', '{"logoPosition": "0",  "logoUrl": ""}', null, '{}', null, 0, null, '专属链接头', '{}', 0, 1, 33, 33, 0, TO_DATE('2021-07-28 16:36:56', 'YYYY-MM-DD HH24:MI:SS'), TO_DATE('2021-07-28 16:36:56', 'YYYY-MM-DD HH24:MI:SS'));
INSERT INTO TELECOMHK.CTG_COMPONENT (ID, COMP_TEMPLATE_ID, COMP_NAME, COMP_TITLE, COMP_TYPE_ID, BUSINESS_TYPE_ID, LANGUAGE_TYPE, COMP_ANIMATION, COMP_CSS, COMP_WAP_CSS, COMP_OPTION, COMP_PROPS, COMP_EVENT, PREVIEW_CHART, TERMINAL_TYPE, USE_SCENE, COMP_REMARK, COMP_LINK, IS_TEMPLATE, ENABLED, CREATOR, UPDATER, IS_DELETED, CREATE_TIME, UPDATE_TIME) VALUES (12, 0, 'ExclusiveHeader', '专属链接头', 18, 8, 0, null, '{}', '{}', '{"logoPosition": "0",  "logoUrl": ""}', null, '{}', null, 0, null, '专属链接头', '{}', 0, 1, 33, 33, 0, TO_DATE('2021-07-28 16:37:35', 'YYYY-MM-DD HH24:MI:SS'), TO_DATE('2021-07-28 16:37:35', 'YYYY-MM-DD HH24:MI:SS'));
INSERT INTO TELECOMHK.CTG_COMPONENT (ID, COMP_TEMPLATE_ID, COMP_NAME, COMP_TITLE, COMP_TYPE_ID, BUSINESS_TYPE_ID, LANGUAGE_TYPE, COMP_ANIMATION, COMP_CSS, COMP_WAP_CSS, COMP_OPTION, COMP_PROPS, COMP_EVENT, PREVIEW_CHART, TERMINAL_TYPE, USE_SCENE, COMP_REMARK, COMP_LINK, IS_TEMPLATE, ENABLED, CREATOR, UPDATER, IS_DELETED, CREATE_TIME, UPDATE_TIME) VALUES (13, 0, 'ExclusiveHeader', '专属链接头', 18, 8, 0, null, '{}', '{}', '{"logoPosition": "0",  "logoUrl": ""}', null, '{}', null, 0, null, '专属链接头', '{}', 0, 1, 33, 33, 0, TO_DATE('2021-07-28 16:40:22', 'YYYY-MM-DD HH24:MI:SS'), TO_DATE('2021-07-28 16:40:22', 'YYYY-MM-DD HH24:MI:SS'));
INSERT INTO TELECOMHK.CTG_COMPONENT (ID, COMP_TEMPLATE_ID, COMP_NAME, COMP_TITLE, COMP_TYPE_ID, BUSINESS_TYPE_ID, LANGUAGE_TYPE, COMP_ANIMATION, COMP_CSS, COMP_WAP_CSS, COMP_OPTION, COMP_PROPS, COMP_EVENT, PREVIEW_CHART, TERMINAL_TYPE, USE_SCENE, COMP_REMARK, COMP_LINK, IS_TEMPLATE, ENABLED, CREATOR, UPDATER, IS_DELETED, CREATE_TIME, UPDATE_TIME) VALUES (14, 0, 'ExclusiveHeader', '专属链接头', 18, 8, 0, null, '{}', '{}', '{"logoPosition":"2","logoUrl":""}', null, '{}', null, 0, null, '专属链接头', '{}', 0, 1, 33, 33, 0, TO_DATE('2021-07-28 16:43:39', 'YYYY-MM-DD HH24:MI:SS'), TO_DATE('2021-07-28 16:47:04', 'YYYY-MM-DD HH24:MI:SS'));
INSERT INTO TELECOMHK.CTG_COMPONENT (ID, COMP_TEMPLATE_ID, COMP_NAME, COMP_TITLE, COMP_TYPE_ID, BUSINESS_TYPE_ID, LANGUAGE_TYPE, COMP_ANIMATION, COMP_CSS, COMP_WAP_CSS, COMP_OPTION, COMP_PROPS, COMP_EVENT, PREVIEW_CHART, TERMINAL_TYPE, USE_SCENE, COMP_REMARK, COMP_LINK, IS_TEMPLATE, ENABLED, CREATOR, UPDATER, IS_DELETED, CREATE_TIME, UPDATE_TIME) VALUES (15, 0, 'ExclusiveList', '专属链接列表页', 15, 1, 0, null, '{}', '{}', '{}', null, '{}', null, 0, null, null, '{}', 0, 1, 33, 33, 0, TO_DATE('2021-07-28 16:44:31', 'YYYY-MM-DD HH24:MI:SS'), TO_DATE('2021-07-28 16:44:31', 'YYYY-MM-DD HH24:MI:SS'));
INSERT INTO TELECOMHK.CTG_COMPONENT (ID, COMP_TEMPLATE_ID, COMP_NAME, COMP_TITLE, COMP_TYPE_ID, BUSINESS_TYPE_ID, LANGUAGE_TYPE, COMP_ANIMATION, COMP_CSS, COMP_WAP_CSS, COMP_OPTION, COMP_PROPS, COMP_EVENT, PREVIEW_CHART, TERMINAL_TYPE, USE_SCENE, COMP_REMARK, COMP_LINK, IS_TEMPLATE, ENABLED, CREATOR, UPDATER, IS_DELETED, CREATE_TIME, UPDATE_TIME) VALUES (16, 0, 'ExclusiveInfo', '专属链接详情基础信息', 15, 1, 0, null, '{}', '{}', '{}', null, '{}', null, 0, null, null, '{}', 1, 1, 33, 33, 0, TO_DATE('2021-07-28 16:53:22', 'YYYY-MM-DD HH24:MI:SS'), TO_DATE('2021-07-28 16:53:22', 'YYYY-MM-DD HH24:MI:SS'));
INSERT INTO TELECOMHK.CTG_COMPONENT (ID, COMP_TEMPLATE_ID, COMP_NAME, COMP_TITLE, COMP_TYPE_ID, BUSINESS_TYPE_ID, LANGUAGE_TYPE, COMP_ANIMATION, COMP_CSS, COMP_WAP_CSS, COMP_OPTION, COMP_PROPS, COMP_EVENT, PREVIEW_CHART, TERMINAL_TYPE, USE_SCENE, COMP_REMARK, COMP_LINK, IS_TEMPLATE, ENABLED, CREATOR, UPDATER, IS_DELETED, CREATE_TIME, UPDATE_TIME) VALUES (17, 0, 'ExclusiveSA', '专属链接详情基础SA内容', 15, 1, 0, null, '{}', '{}', '{}', null, '{}', null, 0, null, null, '{}', 1, 1, 33, 33, 0, TO_DATE('2021-07-28 16:57:02', 'YYYY-MM-DD HH24:MI:SS'), TO_DATE('2021-07-28 16:57:02', 'YYYY-MM-DD HH24:MI:SS'));
INSERT INTO TELECOMHK.CTG_COMPONENT (ID, COMP_TEMPLATE_ID, COMP_NAME, COMP_TITLE, COMP_TYPE_ID, BUSINESS_TYPE_ID, LANGUAGE_TYPE, COMP_ANIMATION, COMP_CSS, COMP_WAP_CSS, COMP_OPTION, COMP_PROPS, COMP_EVENT, PREVIEW_CHART, TERMINAL_TYPE, USE_SCENE, COMP_REMARK, COMP_LINK, IS_TEMPLATE, ENABLED, CREATOR, UPDATER, IS_DELETED, CREATE_TIME, UPDATE_TIME) VALUES (18, 0, 'ExclusiveSA', '专属链接详情基础SA内容', 15, 1, 0, null, '{}', '{}', '{}', null, '{}', null, 0, null, null, '{}', 0, 1, 33, 33, 0, TO_DATE('2021-07-28 17:01:32', 'YYYY-MM-DD HH24:MI:SS'), TO_DATE('2021-07-28 17:01:32', 'YYYY-MM-DD HH24:MI:SS'));
INSERT INTO TELECOMHK.CTG_COMPONENT (ID, COMP_TEMPLATE_ID, COMP_NAME, COMP_TITLE, COMP_TYPE_ID, BUSINESS_TYPE_ID, LANGUAGE_TYPE, COMP_ANIMATION, COMP_CSS, COMP_WAP_CSS, COMP_OPTION, COMP_PROPS, COMP_EVENT, PREVIEW_CHART, TERMINAL_TYPE, USE_SCENE, COMP_REMARK, COMP_LINK, IS_TEMPLATE, ENABLED, CREATOR, UPDATER, IS_DELETED, CREATE_TIME, UPDATE_TIME) VALUES (19, 0, 'ExclusiveSA', '专属链接详情基础SA内容', 15, 1, 0, null, '{}', '{}', '{}', null, '{}', null, 0, null, null, '{}', 0, 1, 33, 33, 0, TO_DATE('2021-07-28 17:07:19', 'YYYY-MM-DD HH24:MI:SS'), TO_DATE('2021-07-28 17:07:19', 'YYYY-MM-DD HH24:MI:SS'));
INSERT INTO TELECOMHK.CTG_COMPONENT (ID, COMP_TEMPLATE_ID, COMP_NAME, COMP_TITLE, COMP_TYPE_ID, BUSINESS_TYPE_ID, LANGUAGE_TYPE, COMP_ANIMATION, COMP_CSS, COMP_WAP_CSS, COMP_OPTION, COMP_PROPS, COMP_EVENT, PREVIEW_CHART, TERMINAL_TYPE, USE_SCENE, COMP_REMARK, COMP_LINK, IS_TEMPLATE, ENABLED, CREATOR, UPDATER, IS_DELETED, CREATE_TIME, UPDATE_TIME) VALUES (20, 0, 'ExclusiveRules', '专属链接详情基础条款与规则', 15, 1, 0, null, '{}', '{}', '{}', null, '{}', null, 0, null, null, '{}', 0, 1, 33, 33, 0, TO_DATE('2021-07-28 17:08:19', 'YYYY-MM-DD HH24:MI:SS'), TO_DATE('2021-07-28 17:08:19', 'YYYY-MM-DD HH24:MI:SS'));
INSERT INTO TELECOMHK.CTG_COMPONENT (ID, COMP_TEMPLATE_ID, COMP_NAME, COMP_TITLE, COMP_TYPE_ID, BUSINESS_TYPE_ID, LANGUAGE_TYPE, COMP_ANIMATION, COMP_CSS, COMP_WAP_CSS, COMP_OPTION, COMP_PROPS, COMP_EVENT, PREVIEW_CHART, TERMINAL_TYPE, USE_SCENE, COMP_REMARK, COMP_LINK, IS_TEMPLATE, ENABLED, CREATOR, UPDATER, IS_DELETED, CREATE_TIME, UPDATE_TIME) VALUES (21, 0, 'ExclusiveInfo', '专属链接详情基础信息', 15, 1, 0, null, '{}', '{}', '{}', null, '{}', null, 0, null, null, '{}', 0, 1, 33, 33, 0, TO_DATE('2021-07-28 17:10:48', 'YYYY-MM-DD HH24:MI:SS'), TO_DATE('2021-07-28 17:10:48', 'YYYY-MM-DD HH24:MI:SS'));
INSERT INTO TELECOMHK.CTG_COMPONENT (ID, COMP_TEMPLATE_ID, COMP_NAME, COMP_TITLE, COMP_TYPE_ID, BUSINESS_TYPE_ID, LANGUAGE_TYPE, COMP_ANIMATION, COMP_CSS, COMP_WAP_CSS, COMP_OPTION, COMP_PROPS, COMP_EVENT, PREVIEW_CHART, TERMINAL_TYPE, USE_SCENE, COMP_REMARK, COMP_LINK, IS_TEMPLATE, ENABLED, CREATOR, UPDATER, IS_DELETED, CREATE_TIME, UPDATE_TIME) VALUES (22, 0, 'ExclusiveHeader', '专属链接头', 18, 8, 0, null, '{}', '{}', '{"logoPosition":"2","logoUrl":""}', null, '{}', null, 0, null, '专属链接头', '{}', 0, 1, 33, 33, 0, TO_DATE('2021-07-30 10:50:50', 'YYYY-MM-DD HH24:MI:SS'), TO_DATE('2021-07-30 10:52:19', 'YYYY-MM-DD HH24:MI:SS'));
INSERT INTO TELECOMHK.CTG_COMPONENT (ID, COMP_TEMPLATE_ID, COMP_NAME, COMP_TITLE, COMP_TYPE_ID, BUSINESS_TYPE_ID, LANGUAGE_TYPE, COMP_ANIMATION, COMP_CSS, COMP_WAP_CSS, COMP_OPTION, COMP_PROPS, COMP_EVENT, PREVIEW_CHART, TERMINAL_TYPE, USE_SCENE, COMP_REMARK, COMP_LINK, IS_TEMPLATE, ENABLED, CREATOR, UPDATER, IS_DELETED, CREATE_TIME, UPDATE_TIME) VALUES (23, 0, 'ExclusiveSA', '专属链接详情基础SA内容', 15, 1, 0, null, '{}', '{}', '{}', null, '{}', null, 0, null, null, '{}', 0, 1, 33, 33, 0, TO_DATE('2021-07-30 11:09:41', 'YYYY-MM-DD HH24:MI:SS'), TO_DATE('2021-07-30 11:09:41', 'YYYY-MM-DD HH24:MI:SS'));
INSERT INTO TELECOMHK.CTG_COMPONENT (ID, COMP_TEMPLATE_ID, COMP_NAME, COMP_TITLE, COMP_TYPE_ID, BUSINESS_TYPE_ID, LANGUAGE_TYPE, COMP_ANIMATION, COMP_CSS, COMP_WAP_CSS, COMP_OPTION, COMP_PROPS, COMP_EVENT, PREVIEW_CHART, TERMINAL_TYPE, USE_SCENE, COMP_REMARK, COMP_LINK, IS_TEMPLATE, ENABLED, CREATOR, UPDATER, IS_DELETED, CREATE_TIME, UPDATE_TIME) VALUES (24, 0, 'ExclusiveRules', '专属链接详情基础条款与规则', 15, 1, 0, null, '{}', '{}', '{}', null, '{}', null, 0, null, null, '{}', 0, 1, 33, 33, 0, TO_DATE('2021-07-30 11:27:00', 'YYYY-MM-DD HH24:MI:SS'), TO_DATE('2021-07-30 11:27:00', 'YYYY-MM-DD HH24:MI:SS'));
INSERT INTO TELECOMHK.CTG_COMPONENT (ID, COMP_TEMPLATE_ID, COMP_NAME, COMP_TITLE, COMP_TYPE_ID, BUSINESS_TYPE_ID, LANGUAGE_TYPE, COMP_ANIMATION, COMP_CSS, COMP_WAP_CSS, COMP_OPTION, COMP_PROPS, COMP_EVENT, PREVIEW_CHART, TERMINAL_TYPE, USE_SCENE, COMP_REMARK, COMP_LINK, IS_TEMPLATE, ENABLED, CREATOR, UPDATER, IS_DELETED, CREATE_TIME, UPDATE_TIME) VALUES (25, 0, 'ExclusiveSA', '专属链接详情基础SA内容', 15, 1, 0, null, '{}', '{}', '{}', null, '{}', null, 0, null, null, '{}', 0, 1, 33, 33, 0, TO_DATE('2021-08-02 14:19:08', 'YYYY-MM-DD HH24:MI:SS'), TO_DATE('2021-08-02 14:19:08', 'YYYY-MM-DD HH24:MI:SS'));






INSERT INTO TELECOMHK.CTG_COMPONENT_TYPE (ID, COMP_TYPE_NAME, IS_CONFIRMATION, SHOW_RULE, USE_SCENE, ENABLED, CREATOR, UPDATER, IS_DELETED, CREATE_TIME, UPDATE_TIME) VALUES (1, 'ASDASD', 0, 1, 'ASD', 0, 33, 33, 1, TO_DATE('2021-07-26 18:20:58', 'YYYY-MM-DD HH24:MI:SS'), TO_DATE('2021-07-27 09:23:53', 'YYYY-MM-DD HH24:MI:SS'));
INSERT INTO TELECOMHK.CTG_COMPONENT_TYPE (ID, COMP_TYPE_NAME, IS_CONFIRMATION, SHOW_RULE, USE_SCENE, ENABLED, CREATOR, UPDATER, IS_DELETED, CREATE_TIME, UPDATE_TIME) VALUES (2, 'ASDASD', 0, 1, null, 0, 33, 33, 1, TO_DATE('2021-07-26 18:23:34', 'YYYY-MM-DD HH24:MI:SS'), TO_DATE('2021-07-27 09:23:49', 'YYYY-MM-DD HH24:MI:SS'));
INSERT INTO TELECOMHK.CTG_COMPONENT_TYPE (ID, COMP_TYPE_NAME, IS_CONFIRMATION, SHOW_RULE, USE_SCENE, ENABLED, CREATOR, UPDATER, IS_DELETED, CREATE_TIME, UPDATE_TIME) VALUES (3, 'ASDASD', 0, 1, null, 0, 33, 33, 1, TO_DATE('2021-07-26 18:23:37', 'YYYY-MM-DD HH24:MI:SS'), TO_DATE('2021-07-27 09:23:47', 'YYYY-MM-DD HH24:MI:SS'));
INSERT INTO TELECOMHK.CTG_COMPONENT_TYPE (ID, COMP_TYPE_NAME, IS_CONFIRMATION, SHOW_RULE, USE_SCENE, ENABLED, CREATOR, UPDATER, IS_DELETED, CREATE_TIME, UPDATE_TIME) VALUES (4, 'ASDASDASD', 0, 1, null, 0, 33, 33, 1, TO_DATE('2021-07-26 18:23:39', 'YYYY-MM-DD HH24:MI:SS'), TO_DATE('2021-07-27 09:23:45', 'YYYY-MM-DD HH24:MI:SS'));
INSERT INTO TELECOMHK.CTG_COMPONENT_TYPE (ID, COMP_TYPE_NAME, IS_CONFIRMATION, SHOW_RULE, USE_SCENE, ENABLED, CREATOR, UPDATER, IS_DELETED, CREATE_TIME, UPDATE_TIME) VALUES (5, 'ASDASDA', 0, 1, null, 0, 33, 33, 1, TO_DATE('2021-07-26 18:23:41', 'YYYY-MM-DD HH24:MI:SS'), TO_DATE('2021-07-27 09:23:43', 'YYYY-MM-DD HH24:MI:SS'));
INSERT INTO TELECOMHK.CTG_COMPONENT_TYPE (ID, COMP_TYPE_NAME, IS_CONFIRMATION, SHOW_RULE, USE_SCENE, ENABLED, CREATOR, UPDATER, IS_DELETED, CREATE_TIME, UPDATE_TIME) VALUES (6, 'ASDASDAS', 0, 1, null, 0, 33, 33, 1, TO_DATE('2021-07-26 18:23:43', 'YYYY-MM-DD HH24:MI:SS'), TO_DATE('2021-07-27 09:23:40', 'YYYY-MM-DD HH24:MI:SS'));
INSERT INTO TELECOMHK.CTG_COMPONENT_TYPE (ID, COMP_TYPE_NAME, IS_CONFIRMATION, SHOW_RULE, USE_SCENE, ENABLED, CREATOR, UPDATER, IS_DELETED, CREATE_TIME, UPDATE_TIME) VALUES (7, 'ZXCZC', 0, 1, null, 0, 33, 33, 1, TO_DATE('2021-07-26 18:23:47', 'YYYY-MM-DD HH24:MI:SS'), TO_DATE('2021-07-27 09:23:38', 'YYYY-MM-DD HH24:MI:SS'));
INSERT INTO TELECOMHK.CTG_COMPONENT_TYPE (ID, COMP_TYPE_NAME, IS_CONFIRMATION, SHOW_RULE, USE_SCENE, ENABLED, CREATOR, UPDATER, IS_DELETED, CREATE_TIME, UPDATE_TIME) VALUES (8, 'FASDFSDF', 0, 1, null, 0, 33, 33, 1, TO_DATE('2021-07-26 18:23:49', 'YYYY-MM-DD HH24:MI:SS'), TO_DATE('2021-07-27 09:23:36', 'YYYY-MM-DD HH24:MI:SS'));
INSERT INTO TELECOMHK.CTG_COMPONENT_TYPE (ID, COMP_TYPE_NAME, IS_CONFIRMATION, SHOW_RULE, USE_SCENE, ENABLED, CREATOR, UPDATER, IS_DELETED, CREATE_TIME, UPDATE_TIME) VALUES (9, 'QWEQDAS', 0, 1, null, 0, 33, 33, 1, TO_DATE('2021-07-26 18:23:51', 'YYYY-MM-DD HH24:MI:SS'), TO_DATE('2021-07-27 09:23:33', 'YYYY-MM-DD HH24:MI:SS'));
INSERT INTO TELECOMHK.CTG_COMPONENT_TYPE (ID, COMP_TYPE_NAME, IS_CONFIRMATION, SHOW_RULE, USE_SCENE, ENABLED, CREATOR, UPDATER, IS_DELETED, CREATE_TIME, UPDATE_TIME) VALUES (10, 'ASDASDQWE', 0, 1, null, 0, 33, 33, 1, TO_DATE('2021-07-26 18:23:54', 'YYYY-MM-DD HH24:MI:SS'), TO_DATE('2021-07-27 09:23:30', 'YYYY-MM-DD HH24:MI:SS'));
INSERT INTO TELECOMHK.CTG_COMPONENT_TYPE (ID, COMP_TYPE_NAME, IS_CONFIRMATION, SHOW_RULE, USE_SCENE, ENABLED, CREATOR, UPDATER, IS_DELETED, CREATE_TIME, UPDATE_TIME) VALUES (11, 'VQWEWF', 0, 1, null, 0, 33, 33, 1, TO_DATE('2021-07-26 18:23:57', 'YYYY-MM-DD HH24:MI:SS'), TO_DATE('2021-07-27 09:23:26', 'YYYY-MM-DD HH24:MI:SS'));
INSERT INTO TELECOMHK.CTG_COMPONENT_TYPE (ID, COMP_TYPE_NAME, IS_CONFIRMATION, SHOW_RULE, USE_SCENE, ENABLED, CREATOR, UPDATER, IS_DELETED, CREATE_TIME, UPDATE_TIME) VALUES (12, '确认按钮', 1, 0, null, 0, 33, 33, 0, TO_DATE('2021-07-27 09:27:57', 'YYYY-MM-DD HH24:MI:SS'), TO_DATE('2021-07-27 09:27:57', 'YYYY-MM-DD HH24:MI:SS'));
INSERT INTO TELECOMHK.CTG_COMPONENT_TYPE (ID, COMP_TYPE_NAME, IS_CONFIRMATION, SHOW_RULE, USE_SCENE, ENABLED, CREATOR, UPDATER, IS_DELETED, CREATE_TIME, UPDATE_TIME) VALUES (13, '活动规则', 0, 0, null, 0, 33, 33, 0, TO_DATE('2021-07-27 09:28:11', 'YYYY-MM-DD HH24:MI:SS'), TO_DATE('2021-07-27 09:28:11', 'YYYY-MM-DD HH24:MI:SS'));
INSERT INTO TELECOMHK.CTG_COMPONENT_TYPE (ID, COMP_TYPE_NAME, IS_CONFIRMATION, SHOW_RULE, USE_SCENE, ENABLED, CREATOR, UPDATER, IS_DELETED, CREATE_TIME, UPDATE_TIME) VALUES (14, 'SA配置', 0, 0, null, 0, 33, 33, 0, TO_DATE('2021-07-27 09:28:25', 'YYYY-MM-DD HH24:MI:SS'), TO_DATE('2021-07-27 09:28:25', 'YYYY-MM-DD HH24:MI:SS'));
INSERT INTO TELECOMHK.CTG_COMPONENT_TYPE (ID, COMP_TYPE_NAME, IS_CONFIRMATION, SHOW_RULE, USE_SCENE, ENABLED, CREATOR, UPDATER, IS_DELETED, CREATE_TIME, UPDATE_TIME) VALUES (15, '活动套餐', 0, 0, null, 0, 33, 33, 0, TO_DATE('2021-07-27 09:28:32', 'YYYY-MM-DD HH24:MI:SS'), TO_DATE('2021-07-27 09:28:32', 'YYYY-MM-DD HH24:MI:SS'));
INSERT INTO TELECOMHK.CTG_COMPONENT_TYPE (ID, COMP_TYPE_NAME, IS_CONFIRMATION, SHOW_RULE, USE_SCENE, ENABLED, CREATOR, UPDATER, IS_DELETED, CREATE_TIME, UPDATE_TIME) VALUES (16, '图片', 0, 0, null, 0, 33, 33, 0, TO_DATE('2021-07-27 11:54:04', 'YYYY-MM-DD HH24:MI:SS'), TO_DATE('2021-07-27 11:54:04', 'YYYY-MM-DD HH24:MI:SS'));
INSERT INTO TELECOMHK.CTG_COMPONENT_TYPE (ID, COMP_TYPE_NAME, IS_CONFIRMATION, SHOW_RULE, USE_SCENE, ENABLED, CREATOR, UPDATER, IS_DELETED, CREATE_TIME, UPDATE_TIME) VALUES (17, 'AS', 0, 1, null, 0, 33, 33, 1, TO_DATE('2021-07-27 11:56:42', 'YYYY-MM-DD HH24:MI:SS'), TO_DATE('2021-07-27 11:56:47', 'YYYY-MM-DD HH24:MI:SS'));
INSERT INTO TELECOMHK.CTG_COMPONENT_TYPE (ID, COMP_TYPE_NAME, IS_CONFIRMATION, SHOW_RULE, USE_SCENE, ENABLED, CREATOR, UPDATER, IS_DELETED, CREATE_TIME, UPDATE_TIME) VALUES (18, '页头页尾', 0, 0, null, 0, 33, 33, 0, TO_DATE('2021-07-27 11:57:35', 'YYYY-MM-DD HH24:MI:SS'), TO_DATE('2021-07-27 11:57:35', 'YYYY-MM-DD HH24:MI:SS'));





INSERT INTO TELECOMHK.CTG_CANVAS_TEMPLATE_COMP_CONFI (ID, CANVAS_TEMPLATE_ID, COMP_ID, CREATOR, UPDATER, IS_DELETED, CREATE_TIME, UPDATE_TIME) VALUES (1, 6, 5, 33, 33, 1, TO_DATE('2021-07-28 14:41:40', 'YYYY-MM-DD HH24:MI:SS'), TO_DATE('2021-07-28 14:47:00', 'YYYY-MM-DD HH24:MI:SS'));
INSERT INTO TELECOMHK.CTG_CANVAS_TEMPLATE_COMP_CONFI (ID, CANVAS_TEMPLATE_ID, COMP_ID, CREATOR, UPDATER, IS_DELETED, CREATE_TIME, UPDATE_TIME) VALUES (2, 6, 5, 33, 33, 1, TO_DATE('2021-07-28 14:47:00', 'YYYY-MM-DD HH24:MI:SS'), TO_DATE('2021-07-28 17:06:33', 'YYYY-MM-DD HH24:MI:SS'));
INSERT INTO TELECOMHK.CTG_CANVAS_TEMPLATE_COMP_CONFI (ID, CANVAS_TEMPLATE_ID, COMP_ID, CREATOR, UPDATER, IS_DELETED, CREATE_TIME, UPDATE_TIME) VALUES (3, 7, 3, 33, 33, 1, TO_DATE('2021-07-28 16:13:21', 'YYYY-MM-DD HH24:MI:SS'), TO_DATE('2021-07-28 16:36:15', 'YYYY-MM-DD HH24:MI:SS'));
INSERT INTO TELECOMHK.CTG_CANVAS_TEMPLATE_COMP_CONFI (ID, CANVAS_TEMPLATE_ID, COMP_ID, CREATOR, UPDATER, IS_DELETED, CREATE_TIME, UPDATE_TIME) VALUES (4, 7, 3, 33, 33, 1, TO_DATE('2021-07-28 16:36:15', 'YYYY-MM-DD HH24:MI:SS'), TO_DATE('2021-07-28 16:40:05', 'YYYY-MM-DD HH24:MI:SS'));
INSERT INTO TELECOMHK.CTG_CANVAS_TEMPLATE_COMP_CONFI (ID, CANVAS_TEMPLATE_ID, COMP_ID, CREATOR, UPDATER, IS_DELETED, CREATE_TIME, UPDATE_TIME) VALUES (5, 7, 3, 33, 33, 0, TO_DATE('2021-07-28 16:40:05', 'YYYY-MM-DD HH24:MI:SS'), TO_DATE('2021-07-28 16:40:05', 'YYYY-MM-DD HH24:MI:SS'));
INSERT INTO TELECOMHK.CTG_CANVAS_TEMPLATE_COMP_CONFI (ID, CANVAS_TEMPLATE_ID, COMP_ID, CREATOR, UPDATER, IS_DELETED, CREATE_TIME, UPDATE_TIME) VALUES (6, 8, 16, 33, 33, 1, TO_DATE('2021-07-28 16:55:01', 'YYYY-MM-DD HH24:MI:SS'), TO_DATE('2021-07-28 17:06:41', 'YYYY-MM-DD HH24:MI:SS'));
INSERT INTO TELECOMHK.CTG_CANVAS_TEMPLATE_COMP_CONFI (ID, CANVAS_TEMPLATE_ID, COMP_ID, CREATOR, UPDATER, IS_DELETED, CREATE_TIME, UPDATE_TIME) VALUES (7, 9, 6, 33, 33, 1, TO_DATE('2021-07-28 16:58:50', 'YYYY-MM-DD HH24:MI:SS'), TO_DATE('2021-07-28 17:06:50', 'YYYY-MM-DD HH24:MI:SS'));
INSERT INTO TELECOMHK.CTG_CANVAS_TEMPLATE_COMP_CONFI (ID, CANVAS_TEMPLATE_ID, COMP_ID, CREATOR, UPDATER, IS_DELETED, CREATE_TIME, UPDATE_TIME) VALUES (8, 10, 17, 33, 33, 1, TO_DATE('2021-07-28 17:01:00', 'YYYY-MM-DD HH24:MI:SS'), TO_DATE('2021-07-28 17:06:08', 'YYYY-MM-DD HH24:MI:SS'));
INSERT INTO TELECOMHK.CTG_CANVAS_TEMPLATE_COMP_CONFI (ID, CANVAS_TEMPLATE_ID, COMP_ID, CREATOR, UPDATER, IS_DELETED, CREATE_TIME, UPDATE_TIME) VALUES (9, 10, 17, 33, 33, 1, TO_DATE('2021-07-28 17:06:08', 'YYYY-MM-DD HH24:MI:SS'), TO_DATE('2021-07-28 17:06:24', 'YYYY-MM-DD HH24:MI:SS'));
INSERT INTO TELECOMHK.CTG_CANVAS_TEMPLATE_COMP_CONFI (ID, CANVAS_TEMPLATE_ID, COMP_ID, CREATOR, UPDATER, IS_DELETED, CREATE_TIME, UPDATE_TIME) VALUES (10, 10, 17, 33, 33, 0, TO_DATE('2021-07-28 17:06:24', 'YYYY-MM-DD HH24:MI:SS'), TO_DATE('2021-07-28 17:06:24', 'YYYY-MM-DD HH24:MI:SS'));
INSERT INTO TELECOMHK.CTG_CANVAS_TEMPLATE_COMP_CONFI (ID, CANVAS_TEMPLATE_ID, COMP_ID, CREATOR, UPDATER, IS_DELETED, CREATE_TIME, UPDATE_TIME) VALUES (11, 6, 5, 33, 33, 0, TO_DATE('2021-07-28 17:06:33', 'YYYY-MM-DD HH24:MI:SS'), TO_DATE('2021-07-28 17:06:33', 'YYYY-MM-DD HH24:MI:SS'));
INSERT INTO TELECOMHK.CTG_CANVAS_TEMPLATE_COMP_CONFI (ID, CANVAS_TEMPLATE_ID, COMP_ID, CREATOR, UPDATER, IS_DELETED, CREATE_TIME, UPDATE_TIME) VALUES (12, 8, 16, 33, 33, 0, TO_DATE('2021-07-28 17:06:41', 'YYYY-MM-DD HH24:MI:SS'), TO_DATE('2021-07-28 17:06:41', 'YYYY-MM-DD HH24:MI:SS'));
INSERT INTO TELECOMHK.CTG_CANVAS_TEMPLATE_COMP_CONFI (ID, CANVAS_TEMPLATE_ID, COMP_ID, CREATOR, UPDATER, IS_DELETED, CREATE_TIME, UPDATE_TIME) VALUES (13, 9, 6, 33, 33, 0, TO_DATE('2021-07-28 17:06:50', 'YYYY-MM-DD HH24:MI:SS'), TO_DATE('2021-07-28 17:06:50', 'YYYY-MM-DD HH24:MI:SS'));






CREATE TABLE CTG_EXTENSION_DEPARTMENT
      (	"ID" NUMBER,
	    "CREATE_TIME" DATE,
        "OPERATOR_ID" varchar(20),
        "DEPARTMENT_NAME" VARCHAR2(100),
        "DEPARTMENT_CODE" VARCHAR2(20),
        "FLAG" VARCHAR2(20),
        "UPDATE_TIME" DATE,
        "UPDATE_ID" VARCHAR2(20)
      );
COMMENT ON COLUMN "CTG_EXTENSION_DEPARTMENT"."ID" IS 'id';
COMMENT ON COLUMN "CTG_EXTENSION_DEPARTMENT"."CREATE_TIME" is '创建时间';
COMMENT ON COLUMN "CTG_EXTENSION_DEPARTMENT"."DEPARTMENT_NAME" IS '部门名称';
COMMENT ON COLUMN "CTG_EXTENSION_DEPARTMENT"."DEPARTMENT_CODE" IS '部门专属码';
COMMENT ON COLUMN "CTG_EXTENSION_DEPARTMENT"."FLAG" IS '状态 0有效 1 无效';
COMMENT ON COLUMN "CTG_EXTENSION_DEPARTMENT"."UPDATE_TIME" IS '更新时间';
COMMENT ON COLUMN "CTG_EXTENSION_DEPARTMENT"."UPDATE_ID" IS '更新人';
COMMENT ON COLUMN "CTG_EXTENSION_DEPARTMENT"."OPERATOR_ID" is '创建人';
--推广人表
CREATE TABLE CTG_EXTENSION_USER
      (	"ID" NUMBER,
        "CREATE_TIME" DATE,
        "OPERATOR_ID" varchar(20),
        "USER_NAME" VARCHAR2(100),
        "DEPARTMENT_ID" VARCHAR2(20),
        "CRM_USER_ID" VARCHAR2(20),
        "FLAG" VARCHAR2(20),
        "UPDATE_TIME" DATE,
        "UPDATE_ID" VARCHAR2(20)
      );
COMMENT ON COLUMN "CTG_EXTENSION_USER"."ID" IS 'id';
COMMENT ON COLUMN "CTG_EXTENSION_USER"."CREATE_TIME" is '创建时间';
COMMENT ON COLUMN "CTG_EXTENSION_USER"."USER_NAME" IS '推广人姓名';
COMMENT ON COLUMN "CTG_EXTENSION_USER"."DEPARTMENT_ID" IS '部门ID';
COMMENT ON COLUMN "CTG_EXTENSION_USER"."CRM_USER_ID" IS 'CRM账号ID';
COMMENT ON COLUMN "CTG_EXTENSION_USER"."FLAG" IS '状态 0有效 1 无效';
COMMENT ON COLUMN "CTG_EXTENSION_USER"."UPDATE_TIME" IS '更新时间';
COMMENT ON COLUMN "CTG_EXTENSION_USER"."UPDATE_ID" IS '更新人';
COMMENT ON COLUMN "CTG_EXTENSION_USER"."OPERATOR_ID" is '创建人';

--专属链接营销信息表
CREATE TABLE CTG_PLAN_EXTENSION(
"PLAN_ID" VARCHAR(20),
"CREATE_TIME" DATE,
"DETAIL1_ZH" CLOB,
"DETAIL1_HK" CLOB,
"DETAIL1_EN" CLOB,
"DETAIL2_ZH" CLOB,
"DETAIL2_HK" CLOB,
"DETAIL2_EN" CLOB,
"DETAIL3_ZH" CLOB,
"DETAIL3_HK" CLOB,
"DETAIL3_EN" CLOB,
"DETAIL4_ZH" CLOB,
"DETAIL4_HK" CLOB,
"DETAIL4_EN" CLOB,
"UPDATE_TIME" DATE
);

create or replace trigger TRIGGER_CTG_PLAN_EXTENSION
before update on "CTG_PLAN_EXTENSION" for each row
begin
       select sysdate into :new.UPDATE_TIME from dual;
end;

--id自增序列
create sequence seq_ctg_extension_department
minvalue 1
maxvalue 9999999999999999999999999999
start with 1
increment by 1
cache 0;

create sequence seq_ctg_extension_user
minvalue 1
maxvalue 9999999999999999999999999999
start with 1
increment by 1
cache 0;

alter table ctg_canvas add (toggle_flag varchar2(10));